sample_name,replicate_id,group_type,tc_conc_uM,otc_conc_uM,ctc_conc_uM,tc_present,otc_present,ctc_present,tris10_hsv_mean_h,tris10_hsv_mean_s,tris10_hsv_mean_v,tris10_hsv_std_h,tris10_hsv_std_s,tris10_hsv_std_v,tris10_lab_mean_a,tris10_lab_mean_b,tris10_lab_mean_l,tris10_lab_std_a,tris10_lab_std_b,tris10_lab_std_l,tris10_mean_b,tris10_mean_g,tris10_mean_r,tris10_norm_b,tris10_norm_g,tris10_norm_r,tris10_std_b,tris10_std_g,tris10_std_r,tris5_hsv_mean_h,tris5_hsv_mean_s,tris5_hsv_mean_v,tris5_hsv_std_h,tris5_hsv_std_s,tris5_hsv_std_v,tris5_lab_mean_a,tris5_lab_mean_b,tris5_lab_mean_l,tris5_lab_std_a,tris5_lab_std_b,tris5_lab_std_l,tris5_mean_b,tris5_mean_g,tris5_mean_r,tris5_minus_tris10_mean_b,tris5_minus_tris10_mean_g,tris5_minus_tris10_mean_r,tris5_norm_b,tris5_norm_g,tris5_norm_r,tris5_std_b,tris5_std_g,tris5_std_r,tris8_hsv_mean_h,tris8_hsv_mean_s,tris8_hsv_mean_v,tris8_hsv_std_h,tris8_hsv_std_s,tris8_hsv_std_v,tris8_lab_mean_a,tris8_lab_mean_b,tris8_lab_mean_l,tris8_lab_std_a,tris8_lab_std_b,tris8_lab_std_l,tris8_mean_b,tris8_mean_g,tris8_mean_r,tris8_minus_tris10_mean_b,tris8_minus_tris10_mean_g,tris8_minus_tris10_mean_r,tris8_minus_tris5_mean_b,tris8_minus_tris5_mean_g,tris8_minus_tris5_mean_r,tris8_norm_b,tris8_norm_g,tris8_norm_r,tris8_std_b,tris8_std_g,tris8_std_r,water_hsv_mean_h,water_hsv_mean_s,water_hsv_mean_v,water_hsv_std_h,water_hsv_std_s,water_hsv_std_v,water_lab_mean_a,water_lab_mean_b,water_lab_mean_l,water_lab_std_a,water_lab_std_b,water_lab_std_l,water_mean_b,water_mean_g,water_mean_r,water_minus_tris10_mean_b,water_minus_tris10_mean_g,water_minus_tris10_mean_r,water_minus_tris5_mean_b,water_minus_tris5_mean_g,water_minus_tris5_mean_r,water_minus_tris8_mean_b,water_minus_tris8_mean_g,water_minus_tris8_mean_r,water_norm_b,water_norm_g,water_norm_r,water_std_b,water_std_g,water_std_r
binary_TC0_OTC12_CTC48,R1,binary,0,12,48,0,1,1,102.81658172607422,189.5433349609375,236.97491455078125,1.3883333206176758,10.969720840454102,11.679727554321287,123.99024200439452,81.95960235595703,163.39170837402344,5.359569072723389,4.60847282409668,15.250346183776855,236.97491455078125,161.72622680664062,61.20703125,0.5152657175176213,0.35164895176735705,0.13308533071502165,11.679727554321287,18.041637420654297,12.481372833251951,109.64581298828124,18.754926681518555,155.329833984375,2.779486894607544,1.97508442401886,9.890186309814451,127.93344116210938,123.59617614746094,156.03131103515625,0.6891043782234192,0.5373714566230774,9.260420799255373,155.329833984375,147.84246826171875,143.9281768798828,-81.64508056640625,-13.883758544921875,82.72114562988281,0.34741594168725715,0.3306694471693065,0.32191461114343634,9.890186309814451,9.536920547485352,9.544118881225586,89.38370513916016,66.70633697509766,213.50860595703125,0.7723197340965271,2.7659568786621094,16.008188247680664,110.20745849609376,122.73352813720705,208.5122528076172,0.8884258270263672,0.6720759272575378,14.29696273803711,212.4615173339844,213.41693115234372,157.81979370117188,-24.513397216796847,51.6907043457031,96.61276245117188,57.1316833496094,65.57446289062497,13.891616821289062,0.3639920458518974,0.3656288741808277,0.27037907996727495,15.77051067352295,16.07417106628418,13.850985527038574,111.1091537475586,12.768197059631348,187.46470642089844,2.478585958480835,1.6025952100753784,14.055692672729492,128.09710693359375,124.22128295898438,187.79312133789065,0.4464963376522064,0.4604412913322449,12.884114265441896,187.46470642089844,180.8898162841797,178.0655517578125,-49.51020812988281,19.163589477539062,116.8585205078125,32.13487243652344,33.04734802246094,34.13737487792969,-24.996810913085966,-32.527114868164034,20.245758056640625,0.3430780002092142,0.33104533441965367,0.32587666537113213,14.055692672729492,13.800549507141112,13.577430725097656
binary_TC0_OTC12_CTC48,R2,binary,0,12,48,0,1,1,102.91799926757812,187.43557739257807,237.0031280517578,1.315383791923523,12.571971893310549,11.920239448547363,124.04642486572266,82.21366882324219,163.8255615234375,5.240969181060791,4.742126941680908,15.533005714416504,237.0031280517578,162.1266632080078,63.26593780517578,0.5125547515999478,0.35062318489805483,0.13682206350199735,11.920239448547363,18.233301162719727,14.168827056884766,111.2838363647461,17.65964698791504,157.39297485351562,4.360123634338379,2.45373797416687,9.636709213256836,128.30081176757812,123.61752319335938,158.0143280029297,0.9532122015953064,0.7574941515922546,9.047019958496094,157.39297485351562,149.73829650878906,146.5016632080078,-79.61015319824219,-12.38836669921875,83.23572540283203,0.34696108430178346,0.33008691630960013,0.32295199938861635,9.636709213256836,9.447189331054688,9.111480712890623,89.71353912353516,64.40727233886719,223.99481201171875,1.1275163888931274,3.487845659255981,17.204614639282227,110.1939926147461,122.5239715576172,217.6693878173828,1.0929890871047974,0.9063188433647156,15.399582862854004,222.9409942626953,223.52972412109372,167.60133361816406,-14.0621337890625,61.40306091308591,104.33539581298828,65.54801940917969,73.79142761230466,21.09967041015625,0.3630534780664244,0.36401220897834113,0.2729343129552344,16.845067977905273,17.40767478942871,15.362741470336914,111.7116928100586,12.82575511932373,187.4499664306641,5.244437217712402,2.2875566482543945,14.218239784240724,128.2793426513672,124.1708526611328,187.6636199951172,0.917239785194397,0.7680341005325317,12.905077934265137,187.4497833251953,180.73385620117188,178.0460662841797,-49.5533447265625,18.607192993164062,114.7801284790039,30.056808471679688,30.995559692382812,31.544403076171875,-35.4912109375,-42.79586791992185,10.444732666015625,0.343170247482311,0.33087518726756543,0.32595456525012356,14.21841812133789,13.787585258483888,13.60880184173584
binary_TC0_OTC12_CTC48,R3,binary,0,12,48,0,1,1,102.11042022705078,183.93792724609372,241.2758331298828,1.7615221738815308,13.643890380859377,8.097515106201172,121.42510223388672,84.12825775146484,170.78158569335938,6.418798923492432,6.282699108123779,15.425111770629885,241.2758331298828,170.51895141601562,67.54534149169922,0.5033499597130703,0.3557368602240505,0.14091318006287923,8.097515106201172,18.758092880249023,14.499594688415527,111.03816223144533,18.65749931335449,155.3437957763672,4.014482498168945,2.614149570465088,9.790199279785156,128.29473876953125,123.46682739257812,155.7665252685547,0.9236465692520142,0.823925256729126,9.01455783843994,155.3437957763672,147.43299865722656,143.97608947753906,-85.93203735351562,-23.085952758789062,76.43074798583984,0.34771749969781474,0.3300101778113057,0.32227232249087956,9.790199279785156,9.374768257141112,9.075033187866213,89.1405029296875,64.46553039550781,224.28933715820312,1.1613154411315918,3.634926080703736,17.05537986755371,109.91218566894533,122.98494720458984,218.0266571044922,1.0440253019332886,1.019380807876587,15.204774856567385,222.55860900878903,224.05230712890625,167.7758331298828,-18.71722412109378,53.533355712890625,100.2304916381836,67.21481323242185,76.61930847167969,23.79974365234375,0.36224513187191176,0.36467633358955603,0.27307853453853215,16.953388214111328,17.139463424682617,15.352590560913086,109.46435546875,12.621023178100586,191.12786865234372,4.343486309051514,2.158233642578125,13.550477981567385,127.9281997680664,124.38275146484376,191.5310516357422,0.7475466132164001,0.7485926747322083,12.534825325012209,191.12738037109372,185.02772521972656,181.71055603027344,-50.14845275878909,14.508773803710938,114.16521453857422,35.783584594726534,37.5947265625,37.734466552734375,-31.431228637695312,-39.02458190917969,13.934722900390625,0.3426046690446934,0.33167075507400323,0.3257245758813033,13.550396919250488,13.46308135986328,13.464192390441896
binary_TC0_OTC18_CTC42,R1,binary,0,18,42,0,1,1,99.50867462158205,155.77220153808594,245.4674224853516,2.804562568664551,16.479021072387695,6.097317695617676,113.00230407714844,95.15756225585938,192.4745178222656,6.967795848846436,8.36887264251709,17.770294189453125,245.4674224853516,196.8483428955078,95.8299789428711,0.45613558236685897,0.3657900205879737,0.17807439704516734,6.097317695617676,21.898136138916016,17.609161376953125,105.58349609375,32.359188079833984,167.0196990966797,1.3348101377487185,2.3457915782928467,9.619665145874023,126.6994171142578,120.97152709960938,162.8559112548828,0.6609746217727661,0.8253686428070068,9.385000228881836,167.0196990966797,155.9129180908203,145.87135314941406,-78.4477233886719,-40.9354248046875,50.04137420654297,0.35626767191550895,0.3325759335586915,0.3111563945257996,9.619665145874023,9.74981689453125,9.352179527282717,89.21431732177734,68.45836639404297,230.51426696777344,0.625179648399353,4.033010482788086,16.368515014648438,108.32188415527344,122.66637420654295,223.05715942382807,0.7379721999168396,0.50107342004776,14.542394638061523,228.5198974609375,230.4992218017578,168.85694885253906,-16.94752502441409,33.65087890625,73.02696990966797,61.50019836425781,74.5863037109375,22.985595703125,0.36395701168689415,0.3671094241474644,0.26893356416564146,16.231204986572266,16.375627517700195,15.24729347229004,104.5658950805664,24.15642547607422,212.05323791503903,1.1329987049102783,1.3908348083496094,13.691797256469728,126.49908447265624,121.98284149169922,206.4599609375,0.7006779909133911,0.2526624798774719,12.40609359741211,212.05323791503903,202.29466247558597,192.0324249267578,-33.41418457031256,5.446319580078153,96.20244598388672,45.03353881835935,46.38174438476565,46.16107177734375,-16.466659545898466,-28.204559326171847,23.17547607421875,0.34970336117691353,0.33361020143538433,0.31668643738770214,13.691797256469728,13.57735538482666,13.230304718017578
binary_TC0_OTC18_CTC42,R2,binary,0,18,42,0,1,1,99.35905456542967,155.26419067382812,245.54747009277344,2.925753116607666,16.085384368896484,6.0070881843566895,112.61919403076172,95.55927276611328,193.23866271972656,7.123569488525391,8.449061393737793,17.794931411743164,245.54747009277344,197.8459625244141,96.34540557861328,0.4549375600124894,0.3665586919513871,0.17850374803612354,6.0070881843566895,22.03420066833496,17.237808227539062,105.18256378173828,31.27873420715332,165.77520751953125,1.94249165058136,2.354033231735229,9.587834358215332,126.54112243652344,121.47212982177734,162.38760375976562,0.8673562407493591,0.787196695804596,9.349494934082031,165.77520751953125,155.4413604736328,145.47157287597656,-79.77226257324219,-42.40460205078128,49.12616729736328,0.35521624185863904,0.3330733028359051,0.3117104553054559,9.587834358215332,9.803325653076172,9.268604278564451,89.57659912109375,67.22566223144531,231.8877410888672,0.872450053691864,4.3989081382751465,15.940964698791504,108.70939636230467,122.40912628173828,224.3092498779297,0.9649178981781006,0.7365336418151855,14.276155471801758,230.45599365234372,231.6854553222656,170.96690368652344,-15.091476440429716,33.839492797851506,74.62149810791016,64.68078613281247,76.24409484863278,25.495330810546875,0.3640071919501176,0.3659491370607043,0.27004367098917803,15.834115028381348,16.079139709472656,15.187992095947266,105.12039947509766,23.4864501953125,214.7661590576172,1.8491748571395876,1.4365894794464111,13.224491119384766,126.68763732910156,121.9361343383789,208.86880493164065,0.7834440469741821,0.4778339862823486,11.832819938659668,214.7661590576172,204.77145385742188,195.02981567382807,-30.78131103515625,6.925491333007784,98.68441009521479,48.99095153808594,49.33009338378906,49.558242797851506,-15.689834594726534,-26.91400146484372,24.06291198730463,0.34945906513586367,0.3331960730942181,0.3173448617699181,13.224491119384766,13.059146881103516,12.443151473999023
binary_TC0_OTC18_CTC42,R3,binary,0,18,42,0,1,1,99.22952270507812,156.04705810546875,245.99053955078125,2.930657148361206,16.72884178161621,5.485601902008057,112.28321838378906,95.66062927246094,193.75645446777344,7.169496059417725,8.639341354370117,17.8458194732666,245.99053955078125,198.5707092285156,95.73908233642578,0.45528482102316997,0.367519132957898,0.177196046018932,5.485601902008057,22.108945846557617,17.698062896728516,105.1284637451172,32.022987365722656,165.8250732421875,1.9615867137908936,2.7184255123138428,9.25181770324707,126.52361297607422,121.2784652709961,162.18634033203125,0.8956709504127502,0.937644898891449,9.273756980895996,165.8250732421875,155.2694549560547,145.04904174804688,-80.16546630859375,-43.30125427246091,49.309959411621094,0.3557381972710565,0.3330936324487871,0.3111681702801564,9.25181770324707,9.670105934143066,9.17844295501709,89.22008514404297,67.99250793457031,229.05609130859372,0.857241153717041,3.377889633178711,16.08042335510254,108.58212280273438,122.69512176513672,221.797607421875,0.9021702408790588,0.6952394247055054,14.254199981689451,227.1056365966797,228.94618225097656,168.15750122070312,-18.884902954101562,30.375473022460966,72.41841888427734,61.28056335449219,73.67672729492188,23.10845947265625,0.36382929458952734,0.3667778978787178,0.2693928075317549,15.776640892028809,16.130048751831055,14.384799003601074,105.31048583984376,21.986238479614254,215.89617919921875,1.882204294204712,1.4374721050262451,13.112360000610352,126.83800506591795,122.13370513916016,210.46063232421875,0.706259548664093,0.579999566078186,11.708462715148926,215.89617919921875,206.3863983154297,197.33909606933597,-30.0943603515625,7.815689086914091,101.60001373291018,50.07110595703125,51.116943359375,52.29005432128909,-11.209457397460938,-22.559783935546875,29.18159484863284,0.34843225859167093,0.3330845370880265,0.31848320432030264,13.112360000610352,12.840862274169922,12.613750457763672
binary_TC0_OTC30_CTC30,R1,binary,0,30,30,0,1,1,99.40078735351562,155.9574737548828,230.6922607421875,1.2866253852844238,10.233262062072754,18.32132339477539,112.74861145019533,97.37867736816406,182.8292388916016,3.5006141662597656,3.2740840911865234,18.728513717651367,230.6922607421875,186.3701171875,90.21131134033205,0.45476882720678824,0.36739559162962226,0.17783558116358952,18.32132339477539,21.45647621154785,15.694883346557615,104.5032196044922,46.01432800292969,184.7634429931641,0.8539575934410095,2.4420242309570312,11.337013244628906,125.32073211669922,117.9922332763672,174.41085815429688,0.4848480820655823,0.4121629893779754,10.58654499053955,184.7634429931641,168.9391326904297,151.52249145507812,-45.92881774902341,-17.430984497070312,61.31118011474608,0.3657052173590014,0.33438390863543604,0.2999108740055626,11.337013244628906,11.11877155303955,10.907940864562988,89.7220458984375,77.89568328857422,221.28538513183597,0.4621179103851318,2.8709845542907715,15.520090103149414,106.75514221191406,121.9113998413086,214.02284240722656,0.8777016401290894,0.311960220336914,13.700777053833008,219.978271484375,221.26837158203125,153.85693359375,-10.7139892578125,34.89825439453125,63.645622253417955,35.21482849121091,52.32923889160156,2.334442138671875,0.3696470330743739,0.3718148911553093,0.2585380757703168,15.029584884643556,15.540655136108398,13.04628086090088,103.24442291259766,42.377254486083984,218.1841583251953,0.7043665647506714,1.4331899881362915,13.197465896606444,124.61275482177734,117.44707489013672,204.8498077392578,0.6135181784629822,0.6724951863288879,11.531129837036133,218.1841583251953,201.94049072265625,181.97189331054688,-12.508102416992188,15.57037353515625,91.76058197021483,33.42071533203122,33.00135803222656,30.44940185546875,-1.7941131591796875,-19.327880859375,28.114959716796875,0.36237404299080167,0.3353955329682844,0.30223042404091394,13.197465896606444,12.683006286621094,11.681707382202148
binary_TC0_OTC30_CTC30,R2,binary,0,30,30,0,1,1,99.46971130371094,155.41705322265625,229.5038604736328,1.2554055452346802,10.303508758544922,18.704160690307617,112.91099548339844,97.51912689208984,182.00238037109372,3.398831844329834,3.0015013217926025,18.79298591613769,229.5038604736328,185.39483642578125,90.31088256835938,0.45427456208453093,0.36696619375485795,0.17875924416061112,18.704160690307617,21.429834365844727,16.0561580657959,104.079345703125,46.86922073364258,183.96469116210935,1.3517839908599854,3.0060269832611084,10.725995063781738,125.17091369628906,117.89212799072266,173.62513732910156,0.9063060879707336,0.7555043697357178,10.113962173461914,183.96469116210935,168.19894409179688,150.24562072753906,-45.539169311523466,-17.195892333984375,59.93473815917969,0.3661650118343031,0.33478472398607384,0.299050264179623,10.725995063781738,10.683664321899414,10.41407871246338,89.54851531982422,77.9422607421875,220.5541076660156,0.7332868576049805,3.106172800064087,15.32997989654541,106.79012298583984,121.96771240234376,213.2841033935547,1.0862677097320557,0.6584073305130005,13.54175853729248,218.98745727539065,220.41482543945312,153.28404235839844,-10.516403198242159,35.019989013671875,62.97315979003906,35.02276611328131,52.21588134765625,3.038421630859375,0.36948289172747306,0.371891194574491,0.258625913698036,14.899826049804688,15.385821342468262,12.831459999084473,103.38877868652344,43.445919036865234,217.4888153076172,1.1357316970825195,1.667695164680481,13.515597343444824,124.59741973876952,117.24979400634766,203.75091552734372,0.8036086559295654,0.918045163154602,11.584916114807127,217.4888153076172,200.7413024902344,180.4542999267578,-12.015045166015625,15.346466064453153,90.14341735839844,33.52412414550784,32.54235839843753,30.20867919921875,-1.498641967773466,-19.67352294921872,27.170257568359375,0.36327789544651307,0.33530403756486943,0.30141806698861756,13.515597343444824,12.724790573120115,11.56181526184082
binary_TC0_OTC30_CTC30,R3,binary,0,30,30,0,1,1,99.76173400878906,160.73936462402344,225.2071685791016,1.0134880542755127,8.471134185791016,19.89018821716309,113.73667907714844,96.48219299316406,176.42584228515625,3.0070955753326416,2.173089504241944,18.516061782836918,225.2071685791016,179.1119384765625,83.85782623291016,0.4613228385495546,0.3668996346672626,0.17177752678318292,19.89018821716309,20.925758361816406,14.461400032043455,103.6785659790039,46.38777923583984,182.75547790527344,1.28094744682312,2.941258430480957,10.92939281463623,124.98577880859376,118.27491760253906,173.0948486328125,0.8255013823509216,0.7260575294494629,10.276824951171877,182.75547790527344,167.7170867919922,149.60867309570312,-42.45169067382815,-11.394851684570312,65.75084686279297,0.36545157885114127,0.3353796825735467,0.29916873857531207,10.92939281463623,10.817034721374512,10.695352554321287,89.55387115478516,78.22541046142578,220.55645751953125,0.709338366985321,3.1367361545562744,15.359063148498535,106.73384857177734,121.93682098388672,213.25135803222656,1.0596033334732056,0.6393370628356934,13.606573104858398,219.00900268554688,220.4170379638672,153.0623779296875,-6.198165893554716,41.30509948730469,69.20455169677734,36.25352478027344,52.699951171875,3.453704833984375,0.3696426728656934,0.37201915016747267,0.2583381769668339,14.830215454101562,15.43525218963623,12.945907592773438,103.30491638183594,42.42124557495117,218.19065856933597,1.0178126096725464,1.8722825050354004,13.109245300292969,124.58001708984376,117.47726440429688,204.82342529296875,0.7905800938606262,0.8841323256492615,11.557785034179688,218.19065856933597,201.90513610839844,181.94422912597656,-7.016510009765625,22.793197631835938,98.0864028930664,35.43518066406253,34.18804931640625,32.33555603027344,-0.8183441162109091,-18.51190185546875,28.881851196289062,0.36241885911637467,0.33536829467375673,0.30221284620986866,13.109245300292969,12.70753288269043,11.793546676635742
binary_TC0_OTC42_CTC18,R1,binary,0,42,18,0,1,1,94.45369720458984,145.0158233642578,180.6017303466797,0.5101979374885559,7.315616130828857,16.022396087646484,106.49913024902344,112.1815185546875,161.4462432861328,1.1192556619644165,0.8034577369689941,14.101716995239258,180.6017303466797,165.24267578125,78.34343719482422,0.4257588546903838,0.38955071056932905,0.18469043474028712,16.022396087646484,15.286348342895508,12.08079433441162,102.1462631225586,65.87513732910156,198.83447265625,0.5210464000701904,2.589253187179565,10.988203048706056,122.14933013916016,114.02741241455078,181.3330078125,0.4523681402206421,0.3876647055149078,9.787856101989746,198.83447265625,178.2221221923828,147.550048828125,18.232742309570312,12.979446411132812,69.20661163330078,0.379016306889861,0.3397252481274262,0.2812584449827128,10.988203048706056,10.4678316116333,9.838767051696776,89.7388687133789,91.32772064208984,224.8955993652344,0.4752361178398132,2.161771535873413,12.015422821044922,103.4693832397461,120.55433654785156,215.67599487304688,0.8617192506790161,0.5693471431732178,10.461931228637695,224.0539703369141,224.8092498779297,144.45066833496094,43.4522399902344,59.56657409667969,66.10723114013672,25.21949768066409,46.587127685546875,-3.0993804931640625,0.3776314269071864,0.3789044116722349,0.24346416142057878,11.518365859985352,12.0184965133667,9.303534507751465,102.2383041381836,59.3840217590332,224.2310791015625,0.4799911677837372,2.098476886749268,12.214359283447266,122.08868408203124,114.04076385498048,204.53903198242188,0.4059961438179016,0.61928391456604,10.631731986999512,224.2310791015625,203.1981658935547,172.0977325439453,43.62934875488281,37.95549011230469,93.7542953491211,25.3966064453125,24.976043701171875,24.547683715820312,0.17710876464840908,-21.611083984375,27.647064208984375,0.3740133263426876,0.33893081296798727,0.2870558606893252,12.214359283447266,11.668575286865234,10.81728744506836
binary_TC0_OTC42_CTC18,R2,binary,0,42,18,0,1,1,94.68743896484376,143.73704528808594,183.1440277099609,0.6306069493293762,6.790065765380859,15.981106758117676,106.73006439208984,111.73162841796876,163.13621520996094,1.357702374458313,1.0943244695663452,13.94420337677002,183.1440277099609,166.92787170410156,80.3016128540039,0.425546699528028,0.3878674382733093,0.1865858621986627,15.981106758117676,15.182077407836914,11.554760932922363,102.19048309326172,65.9322509765625,198.49122619628903,0.6450797915458679,2.768615484237671,10.97284698486328,122.2273178100586,113.99664306640624,180.8746337890625,0.5833169221878052,0.5543798804283142,9.83985996246338,198.49122619628903,177.70645141601562,147.259765625,15.347198486328125,10.778579711914062,66.9581527709961,0.37919267126803435,0.339485957668299,0.2813213710636666,10.97284698486328,10.502225875854492,10.002676010131836,89.73670196533203,92.58856201171876,209.2723846435547,0.6744955778121948,2.437651395797729,9.68999481201172,104.4684600830078,120.98486328125,201.98585510253903,0.8352403044700623,0.9278866052627563,8.622312545776367,208.17613220214844,209.0404052734375,133.36300659179688,25.03210449218753,42.11253356933594,53.06139373779297,9.684906005859403,31.333953857421875,-13.896759033203125,0.3781036445056716,0.37967339601678707,0.24222295947754138,9.925111770629885,9.712581634521484,7.692400455474853,102.08280181884766,58.63919448852539,224.4431610107422,0.7697901129722595,2.316075563430786,11.936378479003906,122.08047485351562,114.34552764892578,205.1543426513672,0.6624917387962341,0.8057296276092529,10.459136962890623,224.4431610107422,203.8632659912109,172.9116973876953,41.29913330078128,36.93539428710935,92.6100845336914,25.951934814453153,26.156814575195284,25.651931762695312,16.26702880859375,-5.177139282226591,39.54869079589844,0.3733140301427123,0.3390836997772999,0.2876022700799877,11.936378479003906,11.503068923950195,10.650906562805176
binary_TC0_OTC42_CTC18,R3,binary,0,42,18,0,1,1,94.54783630371094,142.83702087402344,183.39752197265625,0.5978090763092041,7.6300883293151855,15.863720893859863,106.6153564453125,111.94183349609376,163.7863311767578,1.2869855165481567,1.0123920440673828,14.05379867553711,183.39752197265625,167.66354370117188,81.09431457519531,0.42437866182986317,0.3879705109874095,0.18765082718272733,15.863720893859863,15.2974853515625,12.0932035446167,102.1025161743164,65.07701110839844,197.8476409912109,0.9061200022697448,3.0810117721557617,11.088953018188477,122.2614517211914,114.26151275634766,180.74940490722656,0.751961350440979,0.7822223901748657,9.92536163330078,197.8476409912109,177.52333068847656,147.43179321289062,14.450119018554659,9.859786987304688,66.33747863769531,0.3784364855680579,0.3395608107102357,0.2820027037217064,11.088953018188477,10.606335639953612,10.098066329956056,89.99079132080078,94.69454193115234,191.5693206787109,0.7422180771827698,3.315317153930664,7.965541839599609,105.89307403564452,121.04456329345705,186.08140563964844,0.9616029262542723,0.7974684238433838,7.333376407623291,190.79571533203125,190.9916534423828,120.50015258789062,7.398193359375,23.328109741210938,39.40583801269531,-7.051925659179659,13.46832275390625,-26.931640625,0.3798535842868541,0.38024367582211693,0.23990273989102895,7.850342273712158,8.096630096435547,6.990964889526367,101.82105255126952,60.007598876953125,220.98248291015625,0.783776581287384,2.6468825340271,12.155477523803713,121.837890625,114.40286254882812,202.09817504882807,0.6736755967140198,0.790740966796875,10.870316505432127,220.98248291015625,200.68771362304688,169.07907104492188,37.5849609375,33.024169921875,87.98475646972656,23.13484191894534,23.164382934570312,21.64727783203125,30.186767578125,9.696060180664062,48.57891845703125,0.3740715309154944,0.33971724492490624,0.2862112241595994,12.155477523803713,11.967488288879396,11.114937782287598
binary_TC0_OTC48_CTC12,R1,binary,0,48,12,0,1,1,89.51892852783203,133.45411682128906,169.4750518798828,0.5257534980773926,7.016467094421387,15.747991561889648,101.3283920288086,120.75544738769533,163.8762969970703,1.1873713731765747,0.787097156047821,14.410381317138672,167.96453857421875,169.4319305419922,81.18336486816406,0.4012724095554222,0.40477805375668635,0.19394953668789147,15.90463638305664,15.744943618774414,12.049216270446776,102.15015411376952,76.87094116210938,183.05630493164065,0.5587412118911743,1.9486771821975708,9.07632827758789,121.63062286376952,112.95804595947266,164.74697875976562,0.639747679233551,0.5118408203125,8.361398696899414,183.05630493164065,161.18997192382812,127.9218521118164,15.091766357421903,-8.241958618164062,46.738487243652344,0.3876930561408645,0.34138257547450096,0.2709243683846346,9.07632827758789,8.785761833190918,7.396653175354004,89.20964050292969,92.67129516601562,194.81646728515625,0.611158549785614,2.537910223007202,9.85750675201416,105.5002212524414,122.04888916015624,189.46078491210935,0.7193306088447571,0.485609233379364,8.836240768432617,192.7080993652344,194.81370544433597,124.07781219482422,24.743560791015653,25.38177490234378,42.894447326660156,9.65179443359375,33.62373352050784,-3.8440399169921875,0.37667756769172694,0.3807932980580448,0.24252913425022837,9.415265083312988,9.857999801635742,7.904175281524658,101.3309326171875,65.76519012451172,214.3091278076172,0.6272234916687012,2.515632152557373,11.117110252380373,121.1682586669922,113.8185043334961,195.15335083007807,0.5331433415412903,0.5925077199935913,9.91355800628662,214.3091278076172,193.6136474609375,159.11892700195312,46.34458923339844,24.181716918945312,77.93556213378906,31.252822875976534,32.423675537109375,31.19707489013672,21.601028442382784,-1.200057983398466,35.041114807128906,0.3779424457663271,0.34144516476598386,0.28061238946768907,11.117110252380373,10.839982986450195,10.001880645751951
binary_TC0_OTC48_CTC12,R2,binary,0,48,12,0,1,1,89.56681823730469,136.40121459960938,163.89794921875,0.6968120336532593,7.288336753845215,15.429976463317873,101.70833587646484,120.73070526123048,158.52947998046875,1.2772225141525269,1.1879615783691406,14.128541946411133,162.33151245117188,163.6035919189453,76.61194610595703,0.4032609660390996,0.4064210425227529,0.1903179914381475,15.852176666259766,15.31931495666504,11.563843727111816,101.91292572021484,75.88927459716797,182.47015380859372,0.6560617089271545,2.263728618621826,9.052794456481934,121.68280029296876,113.30742645263672,164.80335998535156,0.6749208569526672,0.6891680955886841,8.282800674438477,182.47015380859372,161.15374755859375,128.23153686523438,20.138641357421847,-2.4498443603515625,51.619590759277344,0.3867077478054081,0.34153203396845083,0.27176021822614105,9.052794456481934,8.704801559448242,7.476186275482178,88.81263732910156,89.5129623413086,225.58538818359372,0.630343496799469,3.1588845252990723,13.886164665222168,103.08507537841795,122.0547866821289,216.32205200195312,1.047379970550537,0.6972840428352356,12.134854316711426,222.29861450195312,225.5681915283203,146.5358428955078,59.96710205078125,61.964599609375,69.92389678955078,39.8284606933594,64.41444396972656,18.304306030273438,0.3739865811562188,0.3794871909403038,0.2465262279034774,13.474350929260254,13.899189949035645,11.397446632385254,101.54466247558594,64.85038757324219,216.25428771972656,0.7995179295539856,2.606358051300049,10.98512363433838,121.3116455078125,113.78569793701172,196.85171508789065,0.6940131783485413,0.7338314652442932,9.713775634765623,216.25428771972656,195.35952758789065,161.3327178955078,53.92277526855469,31.75593566894534,84.72077178955078,33.78413391113284,34.2057800292969,33.10118103027344,-6.0443267822265625,-30.20866394042966,14.796875,0.3774423531472152,0.3409734002502995,0.2815842466024854,10.98512363433838,10.633419036865234,9.894221305847168
binary_TC0_OTC48_CTC12,R3,binary,0,48,12,0,1,1,89.76202392578125,124.69497680664062,187.7626953125,0.6384589076042175,6.0210490226745605,18.792917251586918,100.74959564208984,120.04026794433594,180.3408966064453,1.6614153385162354,0.9913955926895142,16.877582550048828,186.6382598876953,187.39694213867188,96.34835052490234,0.39677888156464114,0.3983917828807301,0.20482933555462876,18.68702888488769,18.879169464111328,13.730426788330078,101.9004135131836,76.03062438964844,182.4702911376953,0.6638944745063782,2.447815179824829,9.093653678894045,121.655029296875,113.29239654541016,164.8043212890625,0.6678878664970398,0.6882080435752869,8.346253395080566,182.4702911376953,161.18186950683594,128.13937377929688,-4.16796875,-26.215072631835938,31.79102325439453,0.3867604181591257,0.34163790095063507,0.2716016808902392,9.093653678894045,8.753076553344727,7.657495498657227,88.41181945800781,86.6539077758789,230.54156494140625,0.6959773302078247,2.9498181343078613,12.49123191833496,103.21963500976562,122.47918701171876,220.8451385498047,0.9340257048606871,0.7846298813819885,10.942875862121582,226.44483947753903,230.52783203125,152.3234405517578,39.80657958984372,43.130889892578125,55.97509002685547,43.97454833984372,69.34596252441406,24.184066772460938,0.3716499005905962,0.37835106357669,0.2499990358327137,12.036083221435549,12.498651504516602,10.548046112060549,101.27753448486328,63.64312744140625,219.1119842529297,0.8244896531105042,2.388462543487549,10.3661470413208,121.16680145263672,114.06877899169922,199.91070556640625,0.7252337336540222,0.7427098155021667,9.28631591796875,219.1119842529297,198.739501953125,164.49166870117188,32.473724365234375,11.342559814453125,68.14331817626953,36.641693115234375,37.55763244628906,36.352294921875,-7.332855224609347,-31.788330078125,12.168228149414062,0.3762592251776988,0.3412755868741795,0.28246518794812164,10.3661470413208,10.24668312072754,9.297724723815918
binary_TC0_OTC54_CTC6,R1,binary,0,54,6,0,1,1,82.50904846191406,118.68775177001952,206.7584228515625,0.5186254382133484,4.765439033508301,21.296674728393555,93.9417495727539,131.11563110351562,195.9691925048828,1.8227334022521973,0.7404417395591736,18.610824584960938,182.82456970214844,206.7584228515625,110.87425231933594,0.3653150625255237,0.4131390342925534,0.22154590318192294,20.054473876953125,21.296674728393555,14.907872200012209,101.237548828125,85.4469985961914,187.40478515625,0.6453887820243835,1.851715922355652,9.203639030456545,120.73014831542967,111.55043029785156,166.5480499267578,0.6950348019599915,0.5837604999542236,8.077723503112793,187.40478515625,163.7300262451172,124.61648559570312,4.5802154541015625,-43.02839660644531,13.742233276367188,0.3939133457736092,0.3441504569269213,0.2619361972994695,9.203639030456545,8.622834205627441,7.100144863128662,89.09117889404297,94.82095336914062,215.08627319335935,0.3479002714157104,2.699143171310425,10.645609855651855,103.02680206298828,121.67671966552734,206.8365020751953,0.6451278924942017,0.5345231294631958,9.34642505645752,212.4946746826172,215.0838928222656,135.1824188232422,29.67010498046875,8.325469970703097,24.30816650390625,25.089889526367188,51.35386657714841,10.565933227539062,0.3775931165184209,0.3821940362739683,0.2402128472076107,10.515374183654783,10.644230842590332,8.672917366027832,100.69068145751952,83.62211608886719,186.09869384765625,0.5688093304634094,2.4134676456451416,9.889171600341797,120.17459869384766,112.35088348388672,166.83834838867188,0.7225990295410156,0.6621423363685608,8.812618255615234,186.09869384765625,164.15164184570312,125.13421630859376,3.2741241455078125,-42.606781005859375,14.259963989257827,-1.30609130859375,0.4216156005859375,0.5177307128906392,-26.395980834960938,-50.93225097656247,-10.048202514648423,0.39146979653409447,0.34530285251050546,0.2632273509554001,9.889171600341797,9.480290412902832,7.8491950035095215
binary_TC0_OTC54_CTC6,R2,binary,0,54,6,0,1,1,82.75919342041016,118.91146850585938,206.4042816162109,0.6350950002670288,4.633881092071533,21.193819046020508,94.10528564453124,130.80340576171875,195.67849731445312,1.9246315956115725,0.9507140517234802,18.498836517333984,183.15792846679688,206.4042816162109,110.46426391601562,0.36629646226922496,0.4127867070026657,0.22091683072810933,20.228126525878903,21.193819046020508,14.47153377532959,100.96295928955078,86.09058380126953,187.3056488037109,0.7421809434890747,2.0363290309906006,9.005871772766113,120.42761993408205,111.60954284667967,166.5509796142578,0.8723735809326172,0.7671268582344055,7.850136756896973,187.3056488037109,163.91275024414062,124.0770263671875,4.147720336914034,-42.491531372070284,13.612762451171875,0.394082582722422,0.3448649860263397,0.2610524312512382,9.005871772766113,8.40187931060791,6.87950611114502,88.99462127685547,86.90675354003906,241.3419952392578,0.826116681098938,6.536999225616455,11.662933349609377,102.60327911376952,121.52916717529295,230.0239715576172,1.6610549688339231,0.9655425548553468,10.48396110534668,238.20704650878903,241.229248046875,159.32958984375,55.04911804199216,34.82496643066409,48.865325927734375,50.901397705078125,77.31649780273438,35.2525634765625,0.37291760929398743,0.3776489226153423,0.24943346809067024,12.321233749389648,11.588189125061035,13.02145290374756,100.92955017089844,82.84333801269531,184.4680328369141,0.8468455672264099,2.683593988418579,8.786056518554688,120.5249252319336,112.53691864013672,165.45069885253906,0.9586222767829896,0.8818522691726685,7.912264347076416,184.4680328369141,162.4858856201172,124.60540771484376,1.310104370117216,-43.91839599609372,14.14114379882814,-2.837615966796818,-1.4268646240234375,0.5283813476562642,-53.73901367187494,-78.74336242675781,-34.724182128906236,0.3911873280811305,0.34457146026392865,0.26424121165494097,8.786056518554688,8.504155158996582,7.185955047607422
binary_TC0_OTC54_CTC6,R3,binary,0,54,6,0,1,1,82.79080963134766,118.88716888427734,206.6859130859375,0.6110799312591553,5.68797779083252,21.163766860961918,94.1152114868164,130.7444610595703,195.95504760742188,1.7601454257965088,0.9428979754447936,18.54499244689941,183.5411376953125,206.6859130859375,110.726806640625,0.3663833204916207,0.4125847321540401,0.22103194735433915,20.251205444335938,21.163766860961918,15.267337799072266,101.3967056274414,83.5929183959961,188.35687255859372,0.8366368412971497,2.429905652999878,9.173152923583984,120.94071197509766,111.74064636230467,167.7117462158203,0.8753176927566528,0.8322839140892029,8.057415962219238,188.35687255859372,164.7920379638672,126.64319610595705,4.815734863281222,-41.89387512207031,15.916389465332045,0.39258018203386047,0.34346550451171304,0.2639543134544265,9.173152923583984,8.65453052520752,7.372794151306152,88.87601470947266,91.03871154785156,226.3667907714844,0.6140925288200378,2.967741012573242,10.479249000549316,102.63174438476562,121.9187469482422,216.8337860107422,0.9203416109085084,0.7336379885673523,9.167314529418944,222.9739990234375,226.3458251953125,145.6237030029297,39.432861328125,19.659912109375,34.89689636230469,34.61712646484378,61.55378723144531,18.980506896972642,0.37478178822232316,0.38044926087745234,0.2447689509002245,9.95938491821289,10.485673904418944,8.82621955871582,100.92955017089844,82.84333801269531,184.4680328369141,0.8468455672264099,2.683593988418579,8.786056518554688,120.5249252319336,112.53691864013672,165.45069885253906,0.9586222767829896,0.8818522691726685,7.912264347076416,184.4680328369141,162.4858856201172,124.60540771484376,0.9268951416015909,-44.20002746582031,13.878601074218764,-3.8888397216796307,-2.30615234375,-2.0377883911132812,-38.50596618652341,-63.85993957519531,-21.018295288085923,0.3911873280811305,0.34457146026392865,0.26424121165494097,8.786056518554688,8.504155158996582,7.185955047607422
binary_TC0_OTC6_CTC54,R1,binary,0,6,54,0,1,1,104.96672821044922,211.26109313964844,208.8705902099609,0.1805363744497299,5.532295227050781,17.100290298461914,133.6806640625,76.74181365966797,129.8658447265625,0.8718090057373047,2.3590877056121826,11.89911651611328,208.8705902099609,123.19810485839844,36.172157287597656,0.5672118910045805,0.33455849363315615,0.09822961536226332,17.100290298461914,12.25844383239746,7.295965194702148,118.55755615234376,4.632513999938965,139.22280883789062,21.399097442626957,2.0452022552490234,11.592004776000977,128.37564086914062,126.71952056884766,145.5948486328125,0.51569002866745,0.720929741859436,10.961816787719728,139.21788024902344,136.67144775390625,136.9648895263672,-69.65270996093747,13.473342895507812,100.79273223876953,0.33720832763236647,0.3310404543565255,0.331751218011108,11.597784996032717,11.075157165527344,11.19480037689209,90.76641845703124,63.16983795166016,214.21826171875,0.8732070922851562,2.9387881755828857,15.65253448486328,111.65691375732422,121.8996124267578,208.84571838378903,0.7355384230613708,0.6668087244033813,14.070536613464355,214.0474395751953,212.99366760253903,161.29794311523438,5.176849365234403,89.7955627441406,125.12578582763672,74.82955932617188,76.32221984863278,24.333053588867188,0.3638164753276337,0.36202537889755393,0.27415814577481235,15.576483726501465,15.725985527038574,13.967723846435549,28.25587272644043,7.777299404144287,185.9960479736328,58.84887313842773,1.4826722145080566,14.536906242370604,129.521728515625,128.99246215820312,188.97686767578125,0.5718836784362793,0.5040202140808105,13.230753898620604,180.49937438964844,181.0609588623047,185.9960479736328,-28.37121582031247,57.86285400390625,149.82389068603516,41.281494140625,44.38951110839844,49.031158447265625,-33.548065185546875,-31.932708740234347,24.698104858398438,0.32964527595430415,0.3306708954008336,0.33968382864486224,13.93563747406006,14.05773639678955,14.536906242370604
binary_TC0_OTC6_CTC54,R2,binary,0,6,54,0,1,1,104.82527160644533,208.98968505859372,215.39178466796875,0.4461682736873626,5.7737812995910645,17.32171058654785,133.2086639404297,76.25289916992188,134.84207153320312,1.6356098651885986,2.020150661468506,12.919795036315918,215.39178466796875,128.49229431152344,39.22737503051758,0.5622170321807739,0.3353914193026613,0.10239154851656475,17.32171058654785,13.697154998779297,7.886207103729248,112.86637115478516,4.479786396026611,139.30996704101562,30.44313621520996,2.413343906402588,11.122800827026367,128.33700561523438,126.74373626708984,145.7839813232422,0.5357778668403625,0.7952132225036621,10.739259719848633,139.30191040039062,136.87767028808594,137.04257202148438,-76.08987426757812,8.3853759765625,97.8151969909668,0.33711142901422836,0.33124475391850505,0.3316438170672666,11.120803833007812,10.873833656311035,10.937211990356444,90.7751007080078,63.3122673034668,228.46495056152344,1.0408837795257568,3.510336875915528,16.902549743652344,110.69493865966795,121.7299575805664,221.02835083007807,1.0708812475204468,0.8344399333000183,15.469985961914062,228.14031982421875,226.99424743652344,171.9192352294922,12.74853515625,98.501953125,132.6918601989746,88.83840942382812,90.1165771484375,34.87666320800781,0.36382893926836807,0.3620012294559981,0.2741698312756338,16.593847274780273,17.566936492919922,15.41367244720459,33.083736419677734,7.701783657073975,189.4443817138672,58.34457778930664,1.947309970855713,14.315577507019045,129.2138671875,129.16555786132812,192.62628173828125,0.7091485261917114,0.7270992994308472,13.01030445098877,183.9463653564453,185.1398468017578,189.4412841796875,-31.445419311523438,56.647552490234375,150.21390914916992,44.64445495605469,48.262176513671875,52.398712158203125,-44.19395446777344,-41.854400634765625,17.522048950195312,0.329341646673674,0.33147848228720744,0.33917987103911856,13.233240127563477,13.92992877960205,14.318364143371582
binary_TC0_OTC6_CTC54,R3,binary,0,6,54,0,1,1,104.7757797241211,209.89976501464844,215.25181579589844,0.4800085425376892,4.970333576202393,16.406036376953125,133.12452697753906,76.25532531738281,134.72506713867188,1.597659945487976,1.9526255130767824,12.134942054748535,215.25181579589844,128.40573120117188,38.3394775390625,0.5634908179122163,0.33614327587262677,0.10036590621515691,16.406036376953125,12.894153594970703,6.789088249206543,124.6486358642578,5.611299514770508,138.1070098876953,35.54867172241211,2.7120115756988525,11.447208404541016,128.91830444335938,126.85157775878906,144.20164489746094,0.8982193470001221,0.7928151488304138,11.07359218597412,137.9457244873047,135.13868713378906,136.5144500732422,-77.30609130859375,6.7329559326171875,98.17497253417969,0.33678248986504017,0.3299293522808582,0.33328815785410165,11.545916557312012,11.153942108154297,11.17136001586914,90.93909454345705,62.558815002441406,227.20364379882807,1.0822978019714355,3.4377706050872803,16.993305206298828,111.15705108642578,121.64691925048828,219.86007690429688,1.0233972072601318,0.8591169714927673,15.527578353881836,226.9391021728516,225.4637756347656,171.66546630859375,11.687286376953153,97.05804443359372,133.32598876953125,88.9933776855469,90.32508850097653,35.15101623535156,0.36364463013139486,0.3612805837060385,0.2750747861625666,16.75748634338379,17.610557556152344,15.504711151123049,25.27583885192871,8.03396987915039,185.46188354492188,52.428466796875,1.8648334741592407,13.985841751098633,129.3315887451172,129.16387939453125,188.6363220214844,0.7074707746505737,0.619823157787323,12.63892936706543,179.7507781982422,180.78256225585935,185.4610748291016,-35.50103759765625,52.37683105468747,147.1215972900391,41.8050537109375,45.643875122070284,48.9466247558594,-47.1883239746094,-44.68121337890625,13.795608520507841,0.3292172468559167,0.3311069805761453,0.339675772567938,13.160260200500488,13.40385627746582,13.98613452911377
binary_TC12_OTC0_CTC48,R1,binary,12,0,48,1,0,1,105.88346099853516,215.82720947265625,173.84442138671875,0.8168107867240906,5.914990425109863,23.242694854736328,136.40432739257812,80.69923400878906,103.64923095703124,1.6495485305786133,2.9550464153289795,17.19734001159668,173.84442138671875,96.16442108154295,27.103364944458008,0.5851136945888958,0.32366364855537755,0.09122265685572663,23.242694854736328,17.31304168701172,7.125921249389648,157.4696807861328,9.380183219909668,160.4917449951172,44.86795425415039,1.6447837352752686,12.419302940368652,130.6440887451172,128.07395935058594,164.2451629638672,0.5797531008720398,0.2914857268333435,11.918852806091309,156.40524291992188,154.6509552001953,160.4917449951172,-17.439178466796875,58.48653411865236,133.38838005065918,0.33168471033220137,0.3279644359776213,0.3403508536901773,12.428705215454102,12.326705932617188,12.419302940368652,84.0247573852539,59.76526641845703,209.6493377685547,0.958665370941162,3.095545053482056,19.01676368713379,110.19987487792967,127.61520385742188,205.3899078369141,1.0135939121246338,0.6365158557891846,17.01530647277832,199.83917236328125,209.6493377685547,160.68789672851562,25.9947509765625,113.48491668701173,133.58453178405762,43.433929443359375,54.998382568359375,0.1961517333984375,0.35048656864580885,0.3676920602923199,0.2818213710618713,17.866506576538086,19.01676368713379,16.799510955810547,168.6185302734375,9.151741027832031,142.7782745361328,9.046043395996094,2.088416337966919,12.308162689208984,130.53024291992188,127.8321304321289,147.55052185058594,0.6446142196655273,0.4462453424930572,11.629334449768066,139.56202697753906,137.6326141357422,142.77291870117188,-34.28239440917969,41.46819305419923,115.66955375671387,-16.843215942382812,-17.018341064453125,-17.718826293945312,-60.27714538574219,-72.0167236328125,-17.91497802734375,0.3323162080404479,0.32772201309203497,0.3399617788675171,11.944422721862791,11.583152770996094,12.312226295471191
binary_TC12_OTC0_CTC48,R2,binary,12,0,48,1,0,1,105.42550659179688,215.1256866455078,186.05540466308597,0.6055436730384827,5.391924381256104,21.350849151611328,135.44793701171875,79.23088073730469,112.74176025390624,1.6253292560577393,2.8656461238861084,15.526763916015623,186.05540466308597,105.45470428466795,29.45702362060547,0.5796712055040714,0.328552968775419,0.09177582572050966,21.350849151611328,15.771000862121582,6.841403007507324,140.6727752685547,9.525086402893066,161.0657501220703,62.94160461425781,2.3807477951049805,12.279709815979004,130.59283447265625,128.11509704589844,164.75892639160156,0.857425332069397,0.6093816757202148,11.6183443069458,156.83120727539062,155.19497680664062,161.06448364257812,-29.22419738769534,49.74027252197267,131.60746002197266,0.3315034896581041,0.3280448915914383,0.3404516187504576,12.159064292907717,12.030308723449709,12.28065299987793,84.1904296875,60.30538940429688,209.6627960205078,1.1338210105895996,3.126134157180786,17.589683532714844,110.02932739257812,127.51144409179688,205.34234619140625,1.0544683933258057,0.8346189260482788,15.739989280700684,199.9897003173828,209.6627960205078,160.233154296875,13.934295654296847,104.20809173583986,130.77613067626953,43.15849304199219,54.46781921386719,-0.831329345703125,0.35092952436093944,0.36790327285302843,0.28116720278603213,16.709918975830078,17.589683532714844,15.52737808227539,152.10757446289062,8.597360610961914,141.82232666015625,42.76043701171875,2.890211582183838,12.455328941345217,130.32958984375,127.5382843017578,146.89280700683594,0.9685983657836914,0.8730814456939697,11.706635475158691,139.3754119873047,137.06138610839844,141.75721740722656,-46.67999267578128,31.606681823730483,112.3001937866211,-17.455795288085938,-18.133590698242188,-19.307266235351562,-60.614288330078125,-72.60140991210938,-18.475936889648438,0.3332793077387505,0.3277459289884033,0.3389747632728462,12.335185050964355,11.62517547607422,12.461742401123049
binary_TC12_OTC0_CTC48,R3,binary,12,0,48,1,0,1,106.14317321777344,218.95758056640625,162.72898864746094,0.9851584434509276,6.031912326812744,23.221343994140625,136.99314880371094,82.11347961425781,95.42681884765624,2.1405622959136963,2.9061155319213867,17.6823673248291,162.72898864746094,88.04270935058594,23.427207946777344,0.5934705978739614,0.3210906660885889,0.08543873603744974,23.221343994140625,17.679393768310547,6.770395278930664,121.21908569335938,9.66195011138916,161.62481689453125,75.46803283691406,2.1602683067321777,12.445895195007324,130.51023864746094,128.24700927734375,165.22959899902344,0.8575959801673889,0.7278251647949219,11.588346481323242,157.07945251464844,155.685302734375,161.62338256835938,-5.6495361328125,67.64259338378906,138.19617462158203,0.33112011029060906,0.32818127251383034,0.34069861719556066,12.091715812683104,11.963082313537598,12.447331428527832,84.66973876953125,60.419769287109375,213.7675628662109,0.9050706028938292,3.07806658744812,18.894275665283203,109.88520050048828,127.13250732421876,208.9605255126953,1.1219969987869265,0.6890588998794556,16.804096221923828,204.63262939453125,213.7675628662109,163.28428649902344,41.90364074707031,125.72485351562497,139.8570785522461,47.55317687988281,58.08226013183591,1.6609039306640625,0.35179317459327303,0.36749745037377285,0.28070937503295407,17.996196746826172,18.894275665283203,16.368471145629883,153.8509521484375,9.1896333694458,144.31414794921875,42.72071075439453,2.7857654094696045,11.553367614746094,130.5032501220703,127.65428161621094,149.03466796875,0.8730663657188416,0.8070679903030396,11.083614349365234,141.4201202392578,139.15753173828125,144.28297424316406,-21.308868408203125,51.11482238769531,120.85576629638672,-15.659332275390625,-16.52777099609375,-17.340408325195312,-63.21250915527344,-74.61003112792966,-19.001312255859375,0.33286238241760263,0.32753689833802774,0.33960071924436963,11.53025722503662,11.12609577178955,11.54736042022705
binary_TC12_OTC48_CTC0,R1,binary,12,48,0,1,1,0,72.95721435546875,111.44363403320312,210.1760406494141,0.3734038174152374,5.431352138519287,20.892467498779297,89.08489227294922,145.4924774169922,197.8983459472656,1.6625057458877563,0.7401897311210632,18.2852840423584,158.0995330810547,210.1760406494141,118.70206451416016,0.32465460560148923,0.431592796348965,0.2437525980495458,18.29750061035156,20.892467498779297,15.85636043548584,102.49552154541016,69.89551544189453,204.7928771972656,0.5248852968215942,2.4342570304870605,12.45577335357666,121.75389862060548,112.96703338623048,184.69760131835935,0.5070504546165466,0.6852051615715027,10.694169044494627,204.7928771972656,182.0126495361328,148.7562255859375,46.69334411621091,-28.16339111328128,30.054161071777344,0.3823889146496688,0.3398537120096756,0.2777573733406556,12.45577335357666,11.50594711303711,10.676578521728516,86.24410247802734,84.21385192871094,234.3336181640625,0.7342702150344849,4.244194030761719,14.314043045043944,102.11866760253906,125.05201721191406,223.9854888916016,1.004400610923767,0.903532087802887,12.684682846069336,224.6428375244141,234.3336181640625,157.16702270507812,66.5433044433594,24.15757751464841,38.46495819091797,19.849960327148494,52.32096862792969,8.410797119140625,0.364595009769666,0.38032313313618255,0.2550818570941515,14.872275352478027,14.314043045043944,13.099408149719238,102.15687561035156,72.50157165527344,197.94261169433597,0.5926910638809204,2.3312928676605225,11.485221862792969,121.5287857055664,113.07632446289062,178.56544494628906,0.5299564003944397,0.7925865054130554,9.667710304260254,197.94261169433597,175.62371826171875,141.74600219726562,39.84307861328128,-34.55232238769534,23.04393768310547,-6.850265502929631,-6.3889312744140625,-7.010223388671875,-26.700225830078125,-58.70989990234375,-15.4210205078125,0.3841216274937552,0.3408102374104752,0.2750681350957696,11.485221862792969,10.351258277893066,9.52604866027832
binary_TC12_OTC48_CTC0,R2,binary,12,48,0,1,1,0,72.90174102783203,111.39079284667967,210.88775634765625,0.6515933871269226,4.526496410369873,21.06865119934082,88.96920013427734,145.53744506835938,198.5007781982422,1.9185761213302608,0.8951135873794556,18.34771728515625,158.69485473632812,210.88775634765625,119.07489013671876,0.32475681707514253,0.43156557675026536,0.2436776061745921,18.70612335205078,21.06865119934082,15.180034637451172,101.85620880126952,70.4839096069336,203.9766540527344,0.7998607158660889,2.7295713424682617,12.046374320983888,121.3541488647461,113.17057800292967,184.48440551757807,0.6930264830589294,0.7986645698547363,10.496479988098145,203.9766540527344,182.03781127929688,147.70339965820312,45.28179931640628,-28.849945068359375,28.62850952148436,0.3821806752833103,0.34107498215864984,0.2767443425580399,12.046374320983888,11.343462944030762,10.468509674072266,86.12881469726562,89.09075164794922,208.54885864257807,0.8190354108810425,2.8029608726501465,11.587053298950195,103.18860626220705,125.2650375366211,201.2686462402344,1.0288479328155518,0.7960464358329773,10.282755851745604,199.2447204589844,208.54885864257807,135.7729034423828,40.54986572265628,-2.338897705078182,16.69801330566405,-4.73193359375,26.511047363281193,-11.930496215820312,0.3665507842324995,0.3836676199506427,0.24978159581685774,11.261069297790527,11.587053298950195,9.275668144226074,102.18547058105467,72.85242462158203,197.3544464111328,0.7268621921539307,2.582639694213867,11.245182991027832,121.61446380615234,112.97444915771484,177.86866760253906,0.6967002749443054,0.8897290825843811,9.584746360778809,197.3544464111328,174.85467529296875,141.046875,38.65959167480469,-36.0330810546875,21.971984863281236,-6.622207641601591,-7.183135986328125,-6.656524658203125,-1.890274047851591,-33.69418334960932,5.2739715576171875,0.3845146431380325,0.3406773158342164,0.274808041027751,11.245182991027832,10.23668384552002,9.442193984985352
binary_TC12_OTC48_CTC0,R3,binary,12,48,0,1,1,0,73.00423431396484,112.41785430908205,211.5070343017578,0.589106559753418,4.1049652099609375,21.05276298522949,88.56866455078125,145.58522033691406,198.92266845703125,2.189699649810791,0.9259923100471495,18.22027015686035,158.986328125,211.5070343017578,118.50472259521484,0.3251266886205824,0.43253141633929704,0.24234189504012055,18.05220413208008,21.05276298522949,14.461085319519045,102.35628509521484,69.90199279785156,203.60598754882807,0.7713706493377686,2.600881576538086,12.10391902923584,121.81131744384766,113.04167175292967,183.78561401367188,0.7346404194831848,0.8526338934898376,10.371578216552734,203.60598754882807,181.0175018310547,147.87554931640625,44.61965942382807,-30.489532470703125,29.370826721191406,0.3823593523235537,0.339939584255847,0.27770106342059914,12.10391902923584,11.122838973999023,10.379528999328612,86.12881469726562,89.09075164794922,208.54885864257807,0.8190354108810425,2.8029608726501465,11.587053298950195,103.18860626220705,125.2650375366211,201.2686462402344,1.0288479328155518,0.7960464358329773,10.282755851745604,199.2447204589844,208.54885864257807,135.7729034423828,40.2583923339844,-2.9581756591797443,17.26818084716797,-4.361267089843665,27.53135681152338,-12.102645874023438,0.3665507842324995,0.3836676199506427,0.24978159581685774,11.261069297790527,11.587053298950195,9.275668144226074,101.96829223632812,72.10650634765625,199.86810302734372,0.8054782748222351,2.4262053966522217,11.29994297027588,121.4662857055664,113.03736877441406,180.39964294433597,0.7388383746147156,0.9055247902870178,9.652523040771484,199.86810302734372,177.63206481933594,143.42616271972656,40.88177490234372,-33.874969482421875,24.92144012451172,-3.7378845214843466,-3.38543701171875,-4.4493865966796875,0.6233825683593182,-30.91679382324213,7.65325927734375,0.3836782502624238,0.34099267861195565,0.2753290711256205,11.29994297027588,10.392035484313965,9.40886688232422
binary_TC18_OTC0_CTC42,R1,binary,18,0,42,1,0,1,104.24565887451172,182.17694091796875,227.44793701171875,0.8778401017189026,9.530296325683594,16.582515716552734,127.4720230102539,81.7215805053711,154.49951171875,3.4536590576171875,2.4058871269226074,16.232776641845703,227.44793701171875,150.7650604248047,65.51559448242188,0.5125834601464357,0.33976864049442307,0.14764789935914122,16.582515716552734,18.15656089782715,12.99016571044922,161.2397918701172,10.517204284667969,152.42515563964844,38.31581497192383,2.4274044036865234,12.33616542816162,130.91957092285156,128.02586364746094,156.07986450195312,0.7626019716262817,0.4042771458625793,10.995800018310549,148.06285095214844,146.08583068847656,152.42465209960938,-79.38508605957031,-4.679229736328125,86.9090576171875,0.33155327415558267,0.32712618432665463,0.3413205415177627,11.441835403442385,11.094975471496582,12.336821556091309,82.68163299560547,61.063575744628906,212.48963928222656,0.56682950258255,2.714846134185791,19.39447021484375,109.04995727539062,128.87188720703125,207.5374298095703,0.8904706835746765,0.3777059912681579,17.25907325744629,200.0072326660156,212.48963928222656,161.77896118164062,-27.440704345703153,61.724578857421875,96.26336669921875,51.94438171386716,66.40380859375,9.35430908203125,0.3482772931187936,0.3700132010154922,0.2817095058657142,18.420398712158203,19.39447021484375,16.7829532623291,160.4562530517578,9.153202056884766,150.44190979003906,14.285877227783203,1.3188985586166382,11.6092529296875,130.77000427246094,127.19974517822266,154.93360900878906,0.4910831153392792,0.5842587947845459,11.107985496520996,148.37425231933594,145.04908752441406,150.43246459960938,-79.07368469238281,-5.715972900390625,84.9168701171875,0.3114013671875,-1.0367431640625,-1.9921875,-51.63298034667966,-67.4405517578125,-11.34649658203125,0.3342848078902842,0.32679326500262956,0.33892192710708624,11.558940887451172,11.220819473266602,11.620427131652832
binary_TC18_OTC0_CTC42,R2,binary,18,0,42,1,0,1,104.1999053955078,183.2357482910156,226.5494842529297,0.8330678939819336,10.14712142944336,17.297515869140625,127.48353576660156,81.72180938720703,153.64808654785156,3.2308521270751958,2.391263246536255,16.346769332885742,226.5494842529297,149.8876190185547,64.3866958618164,0.5139229885009529,0.34001707556000205,0.14605993593904512,17.297515869140625,18.107646942138672,13.63205623626709,153.65835571289062,10.403700828552246,153.28208923339844,49.22523498535156,2.6307566165924072,11.653491973876951,130.8451690673828,128.0147705078125,156.97750854492188,0.8689413070678711,0.5302621722221375,10.72998046875,148.9954376220703,147.0599365234375,153.28099060058594,-77.55404663085938,-2.8276824951171875,88.89429473876953,0.33158998316609223,0.3272825171996408,0.341127499634267,11.177226066589355,10.881977081298828,11.654932022094728,82.7200927734375,60.12335205078125,211.2397918701172,0.7750300168991089,3.0522494316101074,19.12217712402344,109.44796752929688,128.87057495117188,206.58670043945312,1.058243751525879,0.6122891902923584,17.051939010620117,199.0548095703125,211.2397918701172,161.5911102294922,-27.494674682617188,61.3521728515625,97.20441436767578,50.05937194824219,64.17985534667969,8.31011962890625,0.3480674643698774,0.36937413815304326,0.28255839747707934,18.2135009765625,19.12217712402344,16.65056800842285,155.39877319335938,9.040371894836426,153.40716552734375,18.864219665527344,2.1561646461486816,11.412314414978027,130.7836456298828,126.91431427001952,157.77967834472656,0.7802536487579346,0.7279373407363892,10.88608741760254,151.79638671875,147.98387145996094,153.28077697753906,-74.75309753417969,-1.90374755859375,88.89408111572266,2.8009490966796875,0.9239349365234375,-0.000213623046875,-47.2584228515625,-63.25592041015625,-8.310333251953125,0.3350462188089051,0.32663120413549757,0.33832257705559726,11.129976272583008,11.076382637023926,11.487818717956545
binary_TC18_OTC0_CTC42,R3,binary,18,0,42,1,0,1,104.11551666259766,181.94505310058597,228.55015563964844,0.9494415521621704,9.902877807617188,16.666229248046875,127.01986694335938,81.94097900390625,155.80967712402344,3.6643238067626953,2.734859704971313,16.46468162536621,228.55015563964844,152.3336639404297,66.04903411865234,0.5113747037126746,0.3408423942875211,0.14778290199980426,16.666229248046875,18.462818145751957,13.265093803405762,155.8764190673828,11.2656888961792,156.1289825439453,45.42814254760742,2.819215774536133,11.897990226745604,131.1358642578125,127.93177795410156,159.25424194335938,0.9021193981170654,0.5948491096496582,10.859703063964844,151.5297088623047,149.22647094726562,156.12814331054688,-77.02044677734375,-3.1071929931640625,90.07910919189453,0.33165880551009136,0.32661762156376994,0.3417235729261387,11.27254581451416,11.00531005859375,11.899130821228027,82.70360565185547,61.49146270751953,190.1158142089844,0.852957546710968,3.261270761489868,14.470492362976074,110.56092071533205,128.92129516601562,187.7401580810547,0.9367897510528564,0.735304594039917,13.227874755859377,178.7753448486328,190.1158142089844,144.4037628173828,-49.774810791015625,37.782150268554716,78.35472869873047,27.245635986328125,40.88934326171878,-11.724380493164062,0.348289720450749,0.3703831970799865,0.2813270824692645,13.98347282409668,14.470492362976074,12.90937614440918,154.91810607910156,9.177234649658203,152.2483367919922,28.036157608032227,2.5734899044036865,11.173135757446287,130.7356414794922,127.12623596191406,156.63990783691406,0.8419758081436157,0.8101820349693298,10.829899787902832,150.24050903320312,146.8138427734375,152.16676330566406,-78.30964660644531,-5.5198211669921875,86.11772918701172,-1.2891998291015625,-2.412628173828125,-3.9613800048828125,-28.534835815429688,-43.3019714355469,7.76300048828125,0.33444667665642386,0.3268186597523009,0.33873466359127524,11.27625846862793,11.084144592285156,11.182318687438965
binary_TC18_OTC42_CTC0,R1,binary,18,42,0,1,1,0,72.99762725830078,109.14573669433594,216.2020568847656,0.543907642364502,5.084840297698975,21.416654586791992,88.98131561279297,145.2579345703125,203.2716064453125,1.6841851472854614,0.73145592212677,18.678102493286133,164.2117156982422,216.2020568847656,124.03445434570312,0.32552739197445674,0.42859117218251114,0.24588143584303207,19.02440452575684,21.416654586791992,16.224882125854492,102.6540985107422,63.76071166992188,182.81517028808597,0.6267402768135071,2.4934184551239014,11.115623474121094,123.50214385986328,114.90489959716795,167.74314880371094,0.557524561882019,0.5946075916290283,10.220711708068848,182.81517028808597,163.20635986328125,137.18898010253906,18.60345458984378,-52.99569702148435,13.154525756835938,0.3783344244561744,0.3377541597295211,0.28391141581430457,11.115623474121094,10.68509292602539,9.87297821044922,84.27681732177734,81.62104797363281,231.90554809570312,0.5997487306594849,3.9830191135406494,15.357303619384766,102.1860580444336,127.66019439697266,221.8996124267578,0.9688729047775269,0.7178387641906738,13.561230659484863,217.6993408203125,231.90554809570312,157.9293212890625,53.48762512207031,15.703491210937528,33.894866943359375,34.884170532226534,68.69918823242188,20.740341186523438,0.3583326455753435,0.38171603211845717,0.25995132230619933,15.424074172973633,15.357303619384766,13.818731307983398,102.88567352294922,64.21770477294922,184.41744995117188,0.6964811682701111,2.3799028396606445,10.802227020263672,123.52362060546876,114.57894897460938,168.7260284423828,0.6072456240653992,0.56947261095047,9.954950332641602,184.41744995117188,164.2004852294922,138.0467529296875,20.205734252929688,-52.00157165527341,14.012298583984375,1.602279663085909,0.9941253662109375,0.8577728271484375,-33.281890869140625,-67.70506286621094,-19.882568359375,0.37894150624989476,0.33739962902806625,0.283658864722039,10.802227020263672,10.477948188781738,9.510298728942873
binary_TC18_OTC42_CTC0,R2,binary,18,42,0,1,1,0,72.939697265625,106.80410766601562,215.67398071289065,0.6224307417869568,4.317249774932861,21.195484161376957,89.72160339355469,144.99380493164062,203.0803680419922,1.9623031616210935,0.9269629716873168,18.382497787475582,164.46124267578125,215.67398071289065,125.61311340332033,0.32518395160520724,0.4264452594761465,0.24837078891864628,18.73147964477539,21.195484161376957,15.34343719482422,102.81230926513672,62.83079147338867,182.5231475830078,1.0905855894088743,3.265371561050415,10.86793327331543,123.59178161621094,115.07160186767578,167.7796630859375,0.8725000023841858,0.8162345290184021,10.108687400817873,182.5231475830078,163.13662719726562,137.65579223632812,18.061904907226562,-52.53735351562503,12.042678833007798,0.3776479799930348,0.3375364634006543,0.28481555660631086,10.86793327331543,10.65964126586914,10.061691284179688,83.89822387695312,81.22472381591797,229.0303192138672,0.6921340227127075,3.532647132873535,15.70000457763672,102.40899658203124,128.0667724609375,219.43035888671875,1.0183027982711792,0.7770888209342957,13.766923904418944,214.32049560546875,229.0303192138672,156.2781524658203,49.8592529296875,13.356338500976534,30.665039062499986,31.797348022460938,65.89369201660156,18.622360229492188,0.35742185134219456,0.38195339403099715,0.2606247546268083,15.073424339294434,15.70000457763672,13.510968208312988,103.04025268554688,63.42375564575195,184.34210205078125,1.0375176668167114,2.6699554920196533,10.7476167678833,123.6924819946289,114.68402862548828,168.8651885986328,0.8276010751724243,0.7750088572502136,9.872899055480955,184.34210205078125,164.2169647216797,138.5726776123047,19.880859375,-51.457015991210966,12.95956420898436,1.8189544677734375,1.0803375244140625,0.9168853759765625,-29.9783935546875,-64.8133544921875,-17.705474853515625,0.3784235048849062,0.33710996381293384,0.28446653130215993,10.7476167678833,10.433060646057127,9.532466888427734
binary_TC18_OTC42_CTC0,R3,binary,18,42,0,1,1,0,73.03441619873047,106.58709716796876,219.2372589111328,0.6857481002807617,5.076425075531006,20.42314720153809,89.35358428955078,145.01162719726562,206.15333557128903,1.6191871166229248,0.8549622297286987,17.80204200744629,167.65121459960938,219.2372589111328,127.92857360839844,0.3256520263611453,0.4258546995247347,0.24849327411411998,18.850557327270508,20.42314720153809,15.73799991607666,102.6576919555664,62.99041748046875,181.9112548828125,1.021415114402771,2.943467378616333,10.400713920593262,123.5102081298828,115.13345336914062,167.3443145751953,0.8179433345794678,0.7181525230407715,9.841485977172852,181.9112548828125,162.72137451171875,137.0630645751953,14.260040283203125,-56.51588439941406,9.134490966796875,0.3776476666910898,0.33780948542576217,0.284542847883148,10.400713920593262,10.41706657409668,9.541539192199709,84.04151916503906,83.87439727783203,225.12290954589844,0.5301673412322998,3.3599562644958496,16.15721893310547,102.0261688232422,127.93851470947266,215.75241088867188,1.0643855333328247,0.5964385271072388,14.135029792785645,210.3945159912109,225.12290954589844,151.27603149414062,42.743301391601534,5.885650634765625,23.347457885742188,28.48326110839841,62.40153503417969,14.212966918945312,0.35854952619215424,0.383649317913082,0.2578011558947637,15.317606925964355,16.15721893310547,13.453380584716797,102.85745239257812,63.0779914855957,184.24984741210935,0.9323911666870116,2.71377182006836,10.638275146484377,123.6224594116211,114.87332153320312,169.04510498046875,0.7554475665092468,0.729581892490387,9.753015518188477,184.24984741210935,164.4593048095703,138.7544403076172,16.59863281249997,-54.7779541015625,10.82586669921875,2.3385925292968466,1.7379302978515625,1.691375732421875,-26.144668579101562,-60.663604736328125,-12.521591186523438,0.37797663299549045,0.33737761615435147,0.28464575085015803,10.638275146484377,10.258005142211914,9.5681734085083
binary_TC30_OTC0_CTC30,R1,binary,30,0,30,1,0,1,103.12786102294922,173.8279571533203,209.9532165527344,0.3618268668651581,7.38568639755249,19.368349075317383,123.7031707763672,88.66676330566406,149.81719970703125,1.0798027515411377,1.5364521741867063,15.282217025756836,209.9532165527344,147.10806274414062,67.3385238647461,0.4947062062438786,0.3466261333022309,0.15866766045389058,19.368349075317383,16.24492645263672,12.193751335144045,167.54278564453125,14.106390953063965,171.4625701904297,3.3667635917663574,1.5284488201141355,14.778985977172852,132.2209930419922,127.41466522216795,172.21351623535156,0.4518514275550842,0.6740003824234009,13.83138656616211,165.9176483154297,162.0290985107422,171.4625701904297,-44.035568237304716,14.921035766601562,104.1240463256836,0.3322277792224573,0.32444148114552684,0.3433307396320158,14.30228042602539,14.526597023010254,14.778985977172852,78.65503692626953,62.14944839477539,214.09461975097656,0.8324028849601746,3.2571465969085693,19.794084548950195,107.17335510253906,132.19259643554688,208.36489868164065,1.0357919931411743,0.7586844563484192,17.622879028320312,194.30398559570312,214.09461975097656,162.1221923828125,-15.649230957031278,66.98655700683594,94.7836685180664,28.386337280273438,52.065521240234375,-9.340377807617188,0.34057301043007865,0.37526172683451897,0.2841652627354024,18.438495635986328,19.794084548950195,17.41360092163086,160.86639404296875,10.489798545837402,147.9444122314453,6.4228129386901855,2.0572662353515625,12.479007720947266,131.0629119873047,127.02393341064452,151.92526245117188,0.4654642045497894,0.5189832448959351,12.068395614624023,145.65550231933594,141.8505096435547,147.9385986328125,-64.29771423339847,-5.2575531005859375,80.6000747680664,-20.26214599609375,-20.1785888671875,-23.523971557617188,-48.64848327636719,-72.24411010742188,-14.18359375,0.3344983466900055,0.3257601683242751,0.3397414849857194,12.228021621704102,12.100625991821287,12.482133865356444
binary_TC30_OTC0_CTC30,R2,binary,30,0,30,1,0,1,103.2952117919922,170.1985626220703,217.64491271972656,0.5247043371200562,7.674099445343018,18.612150192260746,123.68043518066406,87.99082946777344,155.69403076171875,1.5614181756973269,1.467191219329834,15.242284774780272,217.64491271972656,153.22744750976562,72.89091491699219,0.49045273664857214,0.3452909604995724,0.16425630285185544,18.612150192260746,16.392927169799805,12.503064155578612,159.0977783203125,12.0979642868042,167.539306640625,34.17488098144531,2.7959914207458496,13.78135585784912,131.5917510986328,127.48078918457033,169.51382446289062,0.9091167449951172,0.9352371692657472,12.63094425201416,163.01344299316406,159.58956909179688,167.5352783203125,-54.6314697265625,6.36212158203125,94.64436340332031,0.33258663153693935,0.32560110527141106,0.3418122631916496,13.134774208068848,13.09812068939209,13.784234046936035,78.41534423828125,61.31767654418945,215.03790283203125,1.1213037967681885,3.185472249984741,19.80742454528809,107.31991577148438,132.32489013671875,209.2570953369141,1.2784432172775269,0.9856129884719848,17.5527286529541,195.1396026611328,215.03790283203125,163.50294494628906,-22.50531005859375,61.810455322265625,90.61203002929688,32.12615966796875,55.448333740234375,-4.0323333740234375,0.3401538304323446,0.37483916815939433,0.2850070014082611,18.017135620117188,19.80742454528809,17.112844467163086,157.2495574951172,11.215746879577637,149.10525512695312,29.34157943725586,3.140899896621704,12.45704746246338,131.17369079589844,127.13414764404295,152.7294464111328,0.936495840549469,0.9487693309783936,11.673843383789062,146.1731414794922,142.54335021972656,149.07464599609375,-71.47177124023438,-10.684097290039062,76.18373107910156,-16.840301513671875,-17.046218872070312,-18.46063232421875,-48.966461181640625,-72.49455261230469,-14.428298950195312,0.3338878494640146,0.3255967011349869,0.3405154494009985,12.0739107131958,11.686670303344728,12.484556198120115
binary_TC30_OTC0_CTC30,R3,binary,30,0,30,1,0,1,103.54540252685548,171.29452514648438,210.2931671142578,0.5231068134307861,7.634380340576172,19.59323501586914,124.25233459472656,88.5396499633789,149.92752075195312,1.222036600112915,1.7667136192321775,15.356614112854004,210.2931671142578,146.94923400878906,69.56927490234375,0.4927071561691477,0.3442952530662427,0.1629975907646096,19.59323501586914,16.253820419311523,12.621127128601074,164.3418731689453,12.839666366577148,179.3003692626953,24.6302490234375,2.1931936740875244,15.831459999084473,131.97982788085938,127.55494689941406,179.95094299316406,0.7781388759613037,0.8621755838394165,14.626834869384766,173.86068725585938,170.3186798095703,179.29904174804688,-36.43247985839844,23.36944580078125,109.72976684570312,0.33212580371735756,0.32535951233522126,0.3425146839474212,15.481947898864746,15.427424430847168,15.83243465423584,78.89412689208984,60.79774856567383,217.4615020751953,1.0577423572540283,3.636091947555542,19.78425025939941,107.43724822998048,131.98875427246094,211.4915008544922,1.1594864130020142,0.9033450484275818,17.587890625,198.19775390625,217.4615020751953,165.8338165283203,-12.095413208007812,70.51226806640625,96.26454162597656,24.337066650390625,47.142822265625,-13.465225219726562,0.34084284624546657,0.37397092477235533,0.2851862289821781,18.422855377197266,19.78425025939941,17.601219177246094,155.19003295898438,10.133329391479492,148.98033142089844,38.15480041503906,2.7092864513397217,12.649843215942385,130.8324432373047,127.46080780029295,153.04226684570312,0.8760780692100525,0.8905736207962036,11.88214874267578,145.93734741210938,143.0792999267578,148.94943237304688,-64.35581970214844,-3.86993408203125,79.38015747070312,-27.92333984375,-27.2393798828125,-30.349609375,-52.260406494140625,-74.3822021484375,-16.884384155273438,0.33321609634267624,0.3266903683976456,0.34009353525967817,12.21100902557373,11.977731704711914,12.67445945739746
binary_TC30_OTC30_CTC0,R1,binary,30,30,0,1,1,0,71.88127899169922,105.53190612792967,202.80088806152344,0.6979816555976868,3.9928576946258554,19.64898109436035,91.41394805908205,145.34524536132812,192.1050262451172,1.6597568988800049,0.7161828875541687,17.261240005493164,152.33135986328125,202.80088806152344,119.13750457763672,0.32119138751632087,0.4276066246929367,0.25120198779074243,17.73796844482422,19.64898109436035,14.37857151031494,106.18013763427734,41.72468566894531,173.60440063476562,1.285714626312256,2.86167049407959,10.850749969482422,126.72652435302734,118.49349975585938,165.05941772460938,0.4886116981506347,0.8023151159286499,10.588737487792969,173.60440063476562,158.4489288330078,145.31564331054688,21.273040771484375,-44.351959228515625,26.178138732910156,0.36366921717675965,0.3319212975045783,0.304409485318662,10.850749969482422,11.015928268432615,10.720425605773926,80.59208679199219,72.2666015625,230.14768981933597,0.930231511592865,4.476698398590088,16.860586166381836,103.30352020263672,131.46241760253906,221.03842163085935,1.2654601335525513,1.0024957656860352,14.988228797912598,209.4673614501953,230.14768981933597,165.16796875,57.13600158691406,27.34680175781253,46.03046417236328,35.86296081542969,71.69876098632815,19.852325439453125,0.34635126072724504,0.380545885385313,0.2731028538874421,16.765785217285156,16.860586166381836,15.684684753417969,105.34866333007812,42.67253875732422,190.42935180664065,0.8312925100326538,2.5286810398101807,13.518272399902344,126.1419906616211,117.975341796875,179.8308563232422,0.4617140889167785,0.3670312166213989,12.597691535949709,190.42935180664065,174.29978942871094,158.68002319335938,38.0979919433594,-28.5010986328125,39.542518615722656,16.82495117187503,15.850860595703125,13.3643798828125,-19.03800964355466,-55.84790039062503,-6.487945556640625,0.36382502399339894,0.3330086694583484,0.30316630654825266,13.518272399902344,13.318546295166016,12.92172908782959
binary_TC30_OTC30_CTC0,R2,binary,30,30,0,1,1,0,72.43878936767578,107.23928833007812,208.72694396972656,0.666218638420105,4.442062854766846,20.09637260437012,90.29638671875,145.30987548828125,197.06082153320312,1.7945480346679688,0.8713125586509705,17.5446834564209,157.47149658203125,208.72694396972656,121.22130584716795,0.32307163947590595,0.4282283299185324,0.24870003060556167,17.895994186401367,20.09637260437012,14.772724151611328,105.59600067138672,39.84442138671875,173.92807006835938,1.9871916770935056,3.1990280151367188,11.027029037475586,126.5136489868164,119.03530883789062,166.2963104248047,0.9308170676231384,1.0289909839630127,10.702441215515137,173.92807006835938,159.74134826660156,146.84169006347656,16.456573486328125,-48.985595703125,25.620384216308608,0.3619647226222688,0.3324404898755115,0.3055947875022197,11.027029037475586,11.208921432495115,10.877866744995115,80.62397766113281,73.1744384765625,228.93980407714844,0.9092438220977784,4.099827289581299,17.026443481445312,103.1048583984375,131.50396728515625,219.8810577392578,1.3517215251922607,1.0836654901504517,15.04218578338623,208.1532287597656,228.93980407714844,163.46737670898438,50.68173217773435,20.212860107421875,42.24607086181642,34.22515869140622,69.19845581054688,16.625686645507812,0.34659831958812676,0.38121028365865245,0.27219139675322074,16.4702091217041,17.026443481445312,15.242525100708008,105.40388488769533,40.79576873779297,191.83958435058597,1.5606943368911743,2.6199791431427,13.60731029510498,126.16848754882812,118.33000183105467,181.80099487304688,0.8362202644348145,0.7983579039573669,12.513350486755373,191.83958435058597,176.31561279296875,161.24069213867188,34.368087768554716,-32.41133117675781,40.01938629150392,17.91151428222659,16.574264526367188,14.399002075195312,-16.31364440917963,-52.62419128417969,-2.2266845703125,0.36237452582166585,0.3330505891007647,0.3045748850775695,13.60731029510498,13.394676208496094,12.66582202911377
binary_TC30_OTC30_CTC0,R3,binary,30,30,0,1,1,0,72.71349334716797,106.66758728027344,211.7678985595703,0.6939404010772705,5.073985576629639,20.60857582092285,90.23897552490234,144.95639038085938,199.7612152099609,1.581698298454285,0.8500603437423706,18.04730796813965,161.0361785888672,211.7678985595703,123.52815246582033,0.32445239091973166,0.4266656201717008,0.24888198890856758,18.85811996459961,20.60857582092285,15.824758529663086,105.29537963867188,39.87530899047852,174.62184143066406,1.8258134126663208,2.7580554485321045,11.417656898498535,126.39535522460938,119.1436996459961,167.0526123046875,0.8756876587867737,1.0099475383758545,10.794281959533691,174.62184143066406,160.61639404296875,147.39218139648438,13.585662841796875,-51.15150451660156,23.86402893066405,0.36181275635940147,0.33279376605514055,0.305393477585458,11.417656898498535,11.33686065673828,10.84839153289795,80.67497253417969,73.32496643066406,216.5025329589844,0.8173016905784607,3.044399738311768,12.987957000732422,104.2023468017578,131.30581665039062,209.199462890625,1.0051325559616089,0.8873185515403748,11.472453117370604,197.0400238037109,216.5025329589844,154.35960388183594,36.00384521484372,4.734634399414091,30.83145141601561,22.418182373046847,55.88613891601565,6.9674224853515625,0.34696121525595813,0.38123209940470804,0.2718066853393339,11.6998872756958,12.987957000732422,11.275304794311523,105.1450424194336,41.55157470703125,189.82009887695312,1.3375695943832395,2.892828941345215,13.448588371276855,126.02091217041016,118.34611511230467,180.00283813476562,0.7283084988594055,0.6954062581062317,12.516589164733888,189.82009887695312,174.50885009765625,159.01129150390625,28.783920288085938,-37.25904846191406,35.48313903808592,15.198257446289062,13.8924560546875,11.619110107421875,-7.219924926757784,-41.99368286132815,4.6516876220703125,0.36270877756961956,0.33345200043874756,0.3038392219916329,13.448588371276855,13.293587684631348,12.957624435424805
binary_TC42_OTC0_CTC18,R1,binary,42,0,18,1,0,1,99.96351623535156,150.23431396484375,174.81845092773438,0.3688185811042785,7.678607940673828,15.612150192260742,116.55409240722656,103.62657165527344,141.6762237548828,1.0303443670272827,1.015472650527954,13.677154541015623,174.81845092773438,140.80616760253906,72.28533935546875,0.4506676030709855,0.3629867311733542,0.18634566575566022,15.612150192260742,14.345189094543455,11.362170219421388,164.1272430419922,12.36815071105957,174.71499633789062,5.462812423706055,1.905898213386536,15.942925453186035,131.8380889892578,127.17447662353516,176.07789611816406,0.4798965752124786,0.679354727268219,14.756361961364746,170.59104919433594,166.28488159179688,174.71499633789062,-4.2274017333984375,25.478713989257812,102.42965698242188,0.3334520613047934,0.32503485260496995,0.3415130860902367,15.255463600158691,15.488719940185549,15.942925453186035,74.3133544921875,60.94502639770508,223.4979248046875,0.8054074645042419,4.004724502563477,20.79956817626953,105.33355712890624,135.8278350830078,216.22999572753903,1.0492515563964844,0.8917558789253235,18.51140594482422,195.8522491455078,223.4979248046875,170.3407440185547,21.033798217773438,82.69175720214844,98.05540466308594,25.261199951171875,57.213043212890625,-4.3742523193359375,0.3321269552872557,0.3790085924581452,0.28886445225459906,19.936189651489254,20.79956817626953,18.947065353393555,167.3948516845703,16.050086975097656,154.53790283203125,4.0021162033081055,1.7552348375320437,12.959428787231444,132.3582763671875,127.25492095947266,155.70811462402344,0.5490108132362366,0.65318363904953,12.295465469360352,148.84999084472656,144.84005737304688,154.53790283203125,-25.968460083007812,4.0338897705078125,82.2525634765625,-21.741058349609375,-21.44482421875,-20.177093505859375,-47.00225830078125,-78.65786743164062,-15.802841186523438,0.3320854723497311,0.32313927998870606,0.34477524766156276,12.574149131774902,12.459701538085938,12.959428787231444
binary_TC42_OTC0_CTC18,R2,binary,42,0,18,1,0,1,100.06344604492188,150.59640502929688,178.36412048339844,0.6503152847290039,7.010347843170166,14.879353523254396,116.55900573730467,102.92835998535156,144.0043487548828,1.5587421655654907,0.9767647385597228,13.573637962341309,178.36412048339844,143.25311279296875,73.40763854980469,0.45152630430290075,0.3626432739050577,0.1858304217920416,14.879353523254396,14.458877563476562,10.789745330810549,163.34005737304688,14.151267051696776,176.18154907226562,15.509506225585938,2.5611648559570312,15.514124870300291,132.38919067382812,126.78880310058594,176.53919982910156,0.8353970050811768,0.9805573225021362,14.563175201416016,171.38638305664062,166.47784423828125,176.18080139160156,-6.9777374267578125,23.2247314453125,102.77316284179688,0.333407334946052,0.3238584850507392,0.3427341800032088,15.035717010498049,15.341032028198242,15.514716148376465,74.54530334472656,61.21078872680664,221.4603576660156,0.9129527807235718,3.802617311477661,21.00847625732422,105.49272918701172,135.65635681152344,214.44189453125,1.004031777381897,0.8346999287605286,18.68232536315918,194.30699157714844,221.4603576660156,168.55921936035156,15.94287109375,78.20724487304685,95.15158081054688,22.920608520507812,54.98251342773435,-7.62158203125,0.3325315021042488,0.3790010065694678,0.28846749132628335,19.8803825378418,21.00847625732422,18.86055374145508,165.71250915527344,16.446264266967773,148.00218200683594,20.86265182495117,2.543632984161377,12.08267307281494,132.2632293701172,127.41345977783205,149.39663696289062,0.7635703682899475,0.8894035816192627,11.490423202514648,142.1704559326172,138.4971160888672,148.00205993652344,-36.19366455078125,-4.7559967041015625,74.59442138671875,-29.215927124023438,-27.980728149414062,-28.178741455078125,-52.13653564453125,-82.96324157714841,-20.557159423828125,0.3316550679907834,0.32308590523723935,0.34525902677197723,11.64841079711914,11.568785667419434,12.082891464233398
binary_TC42_OTC0_CTC18,R3,binary,42,0,18,1,0,1,99.9666748046875,150.3780975341797,179.54434204101562,0.5475796461105347,7.717041492462158,15.25915813446045,116.38419342041016,102.97728729248048,145.12258911132812,1.2199910879135132,1.09344744682312,13.356691360473633,179.54434204101562,144.44662475585938,74.09781646728516,0.4510158275971197,0.36285027568839784,0.1861338967144824,15.25915813446045,14.063262939453123,11.388765335083008,164.29537963867188,14.796393394470217,175.92355346679688,13.108464241027832,2.36121153831482,15.935918807983398,132.5782012939453,126.71575927734376,175.95962524414062,0.7358767986297607,0.9622110724449158,14.972147941589355,170.75816345214844,165.78155517578125,175.92300415039062,-8.786178588867188,21.334930419921875,101.82518768310547,0.3332108968363237,0.3234997353114688,0.3432893678522075,15.499042510986328,15.746881484985352,15.936484336853027,74.60433959960938,60.67824172973633,223.83322143554688,0.9960406422615052,4.360339641571045,20.861173629760746,105.50586700439452,135.63232421875,216.5985107421875,1.2638899087905884,1.0224950313568115,18.58401107788086,196.70220947265625,223.83322143554688,170.8361358642578,17.157867431640625,79.3865966796875,96.73831939697266,25.944046020507812,58.051666259765625,-5.0868682861328125,0.3326203363922303,0.3784984500644247,0.288881213543345,20.10085678100586,20.861173629760746,19.100799560546875,164.2936553955078,14.751617431640623,155.23583984375,25.054473876953125,2.96696138381958,12.200531005859377,132.00579833984375,127.51537322998048,156.94544982910156,0.8519958257675171,0.8858270645141602,11.626442909240724,149.80555725097656,146.29632568359375,155.23524475097656,-29.738784790039062,1.849700927734375,81.1374282836914,-20.952606201171875,-19.4852294921875,-20.687759399414062,-46.89665222167969,-77.53689575195312,-15.60089111328125,0.3319149878477276,0.3241397986330088,0.3439452135192636,11.749063491821287,11.902255058288574,12.201122283935549
binary_TC42_OTC18_CTC0,R1,binary,42,18,0,1,1,0,71.64591979980469,106.01184844970705,191.62240600585935,0.7711111307144165,4.115591049194336,17.056642532348633,92.8363037109375,144.9868927001953,182.43280029296875,1.3683831691741943,0.7535594701766968,15.237893104553224,143.14732360839844,191.62240600585935,112.20868682861328,0.32025556121386967,0.42870617228192465,0.25103826650420563,15.95656967163086,17.056642532348633,12.82780933380127,111.75422668457033,17.89162826538086,184.04367065429688,1.5278542041778564,1.9459172487258911,14.96537971496582,128.48114013671875,122.91197204589844,182.0625457763672,0.5940619111061096,0.3535452485084533,14.07651710510254,184.04367065429688,174.8544921875,171.20204162597656,40.89634704589844,-16.767913818359347,58.99335479736328,0.34718656794158154,0.32985177276635064,0.3229616592920679,14.96537971496582,14.800268173217772,14.981656074523926,76.7201156616211,65.50382995605469,216.8773193359375,0.4654274880886078,3.1660914421081543,19.330324172973636,105.13046264648438,134.43096923828125,210.06272888183597,0.8027349710464478,0.633772075176239,17.139305114746094,191.84310913085935,216.8773193359375,161.3916473388672,48.69578552246091,25.254913330078153,49.182960510253906,7.799438476562472,42.0228271484375,-9.810394287109375,0.3365006939376838,0.3804117269914928,0.2830875790708234,17.722898483276367,19.330324172973636,16.84354019165039,111.47615814208984,20.89227294921875,166.62957763671875,1.217698097229004,2.2299184799194336,12.579858779907228,128.4210205078125,122.65282440185548,164.9607696533203,0.5886163711547852,0.5657339692115784,12.21365737915039,166.62957763671875,156.9857635498047,153.0646514892578,23.482254028320312,-34.63664245605466,40.85596466064453,-17.414093017578125,-17.868728637695312,-18.13739013671875,-25.213531494140597,-59.89155578613281,-8.326995849609375,0.349562767888296,0.3293315556807524,0.3211056764309516,12.579858779907228,12.744364738464355,12.6712646484375
binary_TC42_OTC18_CTC0,R2,binary,42,18,0,1,1,0,72.0801773071289,108.19129943847656,191.31137084960935,0.7854365706443787,3.948448896408081,17.147441864013672,92.38961029052734,144.77406311035156,181.9982452392578,1.7335010766983032,0.8730847239494324,15.159835815429688,142.92868041992188,191.31137084960935,110.32353973388672,0.32150334240669515,0.4303352202500507,0.24816143734325402,15.50474739074707,17.147441864013672,12.16101360321045,110.6994400024414,18.255083084106445,184.66249084472656,2.129793405532837,2.045116424560547,14.774028778076172,128.13052368164062,122.94425964355467,182.73851013183597,0.62631756067276,0.4742478728294372,13.947091102600098,184.66249084472656,175.6646728515625,171.51600646972656,41.73381042480469,-15.646697998046847,61.192466735839844,0.3472123009252594,0.3302941218493574,0.3224935772253832,14.774028778076172,14.728124618530272,14.751165390014648,76.2635498046875,64.5114517211914,218.74905395507807,0.8222514986991882,3.2779533863067627,19.43235969543457,105.09217071533205,134.82415771484375,211.780517578125,1.0437597036361694,0.90435791015625,17.163393020629883,193.01663208007807,218.74905395507807,163.62118530273438,50.08795166015619,27.43768310546872,53.297645568847656,8.354141235351506,43.08438110351557,-7.8948211669921875,0.3354553982632163,0.38017734649809165,0.28436725523869205,17.60633659362793,19.43235969543457,16.907196044921875,113.50263214111328,17.980865478515625,166.6266632080078,3.3015027046203613,2.3608381748199463,12.803752899169922,128.94216918945312,123.05406188964844,165.82086181640625,0.7382787466049194,0.6277589201927185,12.27877426147461,166.6266632080078,157.63601684570312,154.9520721435547,23.697982788085938,-33.67535400390622,44.62853240966797,-18.03582763671875,-18.028656005859375,-16.563934326171875,-26.389968872070256,-61.11303710937494,-8.669113159179688,0.3477077081705052,0.3289465028422441,0.3233457889872507,12.803752899169922,12.82020092010498,12.782209396362305
binary_TC42_OTC18_CTC0,R3,binary,42,18,0,1,1,0,71.70110321044922,107.43716430664062,190.7489471435547,0.6911534070968628,4.885218143463135,16.878952026367188,92.5483856201172,145.1057586669922,181.5621490478516,1.4536572694778442,0.8505533933639526,15.050551414489746,141.93115234375,190.7489471435547,110.66390228271484,0.3201377525738477,0.43025042942275754,0.24961181800339477,15.184318542480469,16.878952026367188,13.068395614624023,110.70355987548828,17.81694984436035,187.53341674804688,2.5918965339660645,2.074692726135254,14.808331489562988,128.106689453125,123.00548553466795,185.54489135742188,0.6912807822227478,0.3866825997829437,13.890045166015623,187.53341674804688,178.6758270263672,174.52438354492188,45.602264404296875,-12.0731201171875,63.86048126220703,0.3468129357475618,0.33043224611745536,0.32275481813498286,14.808331489562988,14.718689918518066,14.81680679321289,76.39656829833984,65.74513244628906,215.6218414306641,0.7859433889389038,3.5298876762390137,19.39887237548828,105.0054931640625,134.7554931640625,208.89288330078125,1.0216777324676514,0.8986533880233765,17.213359832763672,190.08920288085935,215.6218414306641,160.2641143798828,48.15805053710935,24.872894287109403,49.60021209716797,2.5557861328124716,36.9460144042969,-14.260269165039062,0.3358613888997628,0.380974037675442,0.2831645734247952,17.737565994262695,19.39887237548828,16.938392639160156,111.92413330078124,19.21704864501953,169.48667907714844,3.0012686252593994,2.2920122146606445,12.670632362365724,128.5281982421875,122.91934967041016,168.24990844726562,0.8113901615142822,0.4925306439399719,12.157132148742676,169.48667907714844,160.3687744140625,156.7821807861328,27.555526733398438,-30.380172729492188,46.11827850341797,-18.046737670898438,-18.307052612304688,-17.742202758789062,-20.60252380371091,-55.25306701660159,-3.48193359375,0.34828107638825745,0.32954453810833995,0.32217438550340266,12.670632362365724,12.651883125305176,12.680835723876951
binary_TC48_OTC0_CTC12,R1,binary,48,0,12,1,0,1,96.91127014160156,126.9755630493164,188.1539001464844,0.4508049786090851,5.402680397033691,18.36798667907715,111.16844177246094,110.16184997558594,165.13421630859375,0.9113088250160216,1.079694747924805,15.495534896850586,188.1539001464844,167.17367553710938,94.82991027832033,0.41797350041714804,0.37136708985275707,0.21065940973009498,18.36798667907715,16.688879013061523,12.970657348632812,169.0811767578125,16.834228515625,156.37103271484375,2.0679640769958496,1.9215143918991089,13.787317276000977,132.63438415527344,127.29280090332033,156.9036102294922,0.5762297511100769,0.5445646643638611,13.084826469421388,149.79991149902344,146.08279418945312,156.37103271484375,-38.353988647460966,-21.09088134765625,61.54112243652342,0.33122979154996335,0.3230106946273075,0.3457595138227291,13.405962944030762,13.31080436706543,13.787317276000977,73.69487762451172,59.60950469970703,225.06141662597656,0.9262580871582032,4.6891021728515625,21.14978790283203,105.46456909179688,136.473388671875,217.70542907714844,1.396188735961914,1.1346133947372437,18.869356155395508,196.4676513671875,225.06141662597656,172.7330322265625,8.313751220703097,57.88774108886719,77.90312194824217,46.66773986816406,78.97862243652344,16.36199951171875,0.330607742433085,0.37872416319795726,0.29066809436895774,20.60162925720215,21.14978790283203,19.71147918701172,167.2224578857422,15.21711254119873,162.33909606933594,3.836587905883789,2.142163753509521,13.998579978942873,132.32652282714844,127.2480010986328,163.3512420654297,0.5536112785339355,0.7306013703346252,13.363418579101562,156.7952117919922,152.71652221679688,162.33909606933594,-31.358688354492216,-14.4571533203125,67.50918579101561,6.99530029296875,6.63372802734375,5.9680633544921875,-39.67243957519531,-72.34489440917969,-10.393936157226562,0.3322982641908914,0.323654240878439,0.34404749493066955,13.895432472229004,13.84272575378418,13.998579978942873
binary_TC48_OTC0_CTC12,R2,binary,48,0,12,1,0,1,96.7012710571289,126.40774536132812,188.41522216796875,0.7161473631858826,7.248486995697021,18.50478172302246,111.0071792602539,110.499755859375,165.86680603027344,1.0921541452407837,1.2973899841308594,15.68701457977295,188.41522216796875,167.98526000976562,95.49474334716795,0.4169444851936942,0.3717349742180636,0.21132054058824212,18.50478172302246,16.82544708251953,14.318289756774902,167.2644500732422,17.058691024780273,155.5020294189453,20.553438186645508,2.3122425079345703,13.740158081054688,132.58172607421875,127.44728088378906,156.05563354492188,0.684501588344574,0.8372451066970825,13.176239013671877,148.66134643554688,145.1680145263672,155.5020294189453,-39.753875732421875,-22.817245483398438,60.00728607177736,0.330850124469469,0.32307561330918994,0.3460742622213411,13.501290321350098,13.436747550964355,13.740158081054688,73.6524658203125,69.01229858398438,174.01377868652344,0.9462940096855164,3.091341018676758,12.435458183288574,106.92073822021484,136.09725952148438,171.52822875976562,1.0558223724365234,0.924137532711029,11.370415687561035,148.27577209472656,174.01377868652344,127.00743103027344,-40.13945007324219,6.0285186767578125,31.512687683105483,-0.3855743408203125,28.84576416015625,-28.494598388671875,0.33001728944826764,0.3873023539684512,0.28268035658328117,11.279894828796388,12.435458183288574,10.453753471374512,164.0502471923828,14.943471908569336,161.36212158203125,22.411121368408203,2.63030743598938,13.760526657104492,132.224365234375,127.25016021728516,162.528076171875,0.8152493834495544,0.9884483218193054,13.089159965515137,156.00265502929688,151.95248413085938,161.36204528808594,-32.412567138671875,-16.03277587890625,65.86730194091798,7.34130859375,6.7844696044921875,5.860015869140625,7.7268829345703125,-22.061294555664062,34.3546142578125,0.33240345804235377,0.3237735356089804,0.3438230063486658,13.77978515625,13.52945613861084,13.760591506958008
binary_TC48_OTC0_CTC12,R3,binary,48,0,12,1,0,1,96.81752014160156,130.54306030273438,180.33102416992188,0.6335631012916565,6.859024524688721,16.76129150390625,111.37358856201172,110.41327667236328,158.305908203125,1.1174776554107666,1.0951155424118042,14.58364486694336,180.33102416992188,159.83221435546875,88.4385757446289,0.42074255909778574,0.37291539380832933,0.20634204709388496,16.76129150390625,15.608043670654297,12.799120903015137,167.60108947753906,16.953290939331055,155.5951385498047,16.089580535888672,2.391998529434204,13.54655933380127,132.59632873535156,127.32508850097656,156.20074462890625,0.6778526306152344,0.7963655591011047,12.932783126831056,149.0354461669922,145.30624389648438,155.5951385498047,-31.295578002929688,-14.525970458984375,67.15656280517578,0.3312363796187209,0.3229480999462137,0.3458155204350654,13.237500190734863,13.211530685424805,13.54655933380127,73.64179229736328,67.74126434326172,182.7408905029297,0.8435383439064026,3.254122495651245,14.63378620147705,106.45511627197266,136.25390625,179.4728240966797,0.9411295652389526,0.7966489791870117,13.377312660217283,156.21617126464844,182.7408905029297,134.3409881591797,-24.114852905273438,22.908676147460938,45.90241241455078,7.18072509765625,37.43464660644531,-21.254150390625,0.3300587680190583,0.3861010847841198,0.2838401471968219,13.954121589660645,14.63378620147705,12.600342750549316,160.91168212890625,14.634135246276855,147.6869354248047,30.10352897644043,3.203817129135132,11.688591003417969,131.8485870361328,127.35549926757812,149.89549255371094,0.9209986925125122,0.9806939959526062,11.009733200073242,142.9141845703125,139.23281860351562,147.68495178222656,-37.416839599609375,-20.599395751953125,59.246376037597656,-6.1212615966796875,-6.07342529296875,-7.910186767578125,-13.301986694335938,-43.50807189941406,13.343963623046875,0.33248850608355496,0.3239238427904937,0.34358765112595135,11.270483016967772,11.042346000671388,11.689533233642578
binary_TC48_OTC12_CTC0,R1,binary,48,12,0,1,1,0,71.45745849609375,96.7190933227539,208.5258636474609,0.5804947018623352,3.635049104690552,21.44931030273437,93.28294372558594,144.54420471191406,197.95281982421875,1.7186182737350464,0.8409544825553894,18.789655685424805,160.02215576171875,208.5258636474609,129.68971252441406,0.32117630902961575,0.41852684026599113,0.26029685070439307,18.701719284057617,21.44931030273437,16.01009750366211,125.82513427734376,9.79579257965088,163.1161346435547,2.7417311668396,1.4502978324890137,13.38461971282959,129.66619873046875,124.91659545898438,165.64657592773438,0.5062792897224426,0.4055638611316681,12.830486297607422,163.1161346435547,156.88958740234375,158.1049346923828,3.0939788818359375,-51.63627624511716,28.41522216796875,0.34116816336274386,0.32814492877581986,0.3306869078614363,13.38461971282959,13.232053756713867,13.273232460021973,75.53428649902344,66.1563949584961,220.0001983642578,0.8102553486824036,3.561143398284912,19.97642707824707,104.11546325683594,135.84771728515625,212.5637359619141,0.8653462529182434,0.8522323369979858,17.685028076171875,192.23452758789065,220.0001983642578,163.1764678955078,32.2123718261719,11.474334716796903,33.48675537109375,29.118392944335966,63.11061096191406,5.071533203125,0.33408200890646206,0.3823356248827239,0.2835823662108141,18.42134666442871,19.97642707824707,17.60951805114746,124.03081512451172,10.980179786682127,144.11891174316406,3.089173555374145,1.4157400131225586,12.679158210754396,129.67884826660156,124.88250732421876,147.02920532226562,0.5193153023719788,0.430507093667984,12.268902778625488,144.11891174316406,138.0146026611328,138.8400115966797,-15.903244018554688,-70.5112609863281,9.150299072265625,-18.997222900390625,-18.874984741210938,-19.264923095703125,-48.11561584472659,-81.985595703125,-24.336456298828125,0.3423467340386382,0.3278462756843589,0.32980699027700283,12.679158210754396,12.265490531921388,12.37527847290039
binary_TC48_OTC12_CTC0,R2,binary,48,12,0,1,1,0,71.76848602294922,97.99506378173828,209.6775054931641,0.8500123023986816,4.229988098144531,21.22258758544922,92.89076232910156,144.53688049316406,198.87437438964844,1.724915623664856,1.003885269165039,18.57933616638184,161.09629821777344,209.6775054931641,129.3800506591797,0.32209348545489985,0.41922601147846267,0.25868050306663753,18.977407455444336,21.22258758544922,16.003372192382812,126.07862091064452,10.22848415374756,165.0827178955078,5.056230068206787,2.032240152359009,13.5093994140625,129.7734375,124.84368896484376,167.38002014160156,0.6847114562988281,0.5889882445335388,12.947606086730955,165.0827178955078,158.5730438232422,159.9539337158203,3.986419677734375,-51.1044616699219,30.573883056640625,0.3413552694537378,0.3278946748177761,0.3307500557284861,13.5093994140625,13.411150932312012,13.460314750671388,75.59844207763672,70.18852996826172,186.89454650878903,0.9853699207305908,3.03396987915039,12.9171781539917,105.81790161132812,135.13458251953125,183.09439086914065,1.027862787246704,0.9734833240509032,11.737957954406738,162.12210083007812,186.89454650878903,135.57504272460938,1.0258026123046875,-22.782958984375057,6.1949920654296875,-2.9606170654296875,28.321502685546847,-24.378890991210938,0.3345540259034194,0.3856742704034148,0.27977170369316573,12.015928268432615,12.9171781539917,11.00540256500244,122.50733947753906,13.0649995803833,145.83348083496094,4.831271171569824,2.543973207473755,12.882730484008787,129.79493713378906,124.29714965820312,147.71759033203125,0.7326374053955078,0.8606700897216797,11.987335205078123,145.8334197998047,138.57373046875,139.20791625976562,-15.26287841796875,-71.10377502441409,9.827865600585938,-19.249298095703125,-19.999313354492188,-20.746017456054688,-16.288681030273438,-48.320816040039034,3.63287353515625,0.3442592847203539,0.32712181746605984,0.3286188978135862,12.88283348083496,12.023965835571287,12.117104530334473
binary_TC48_OTC12_CTC0,R3,binary,48,12,0,1,1,0,72.03085327148438,99.625,204.3557586669922,0.8188067078590393,3.9253475666046143,19.69998359680176,93.19070434570312,144.16282653808594,194.1656188964844,1.638819932937622,0.7856921553611755,17.326536178588867,156.9132843017578,204.3557586669922,124.7534408569336,0.32285190402433356,0.4204656481289171,0.2566824478467493,17.857519149780273,19.69998359680176,14.64671802520752,130.9967498779297,10.325404167175291,163.71534729003906,5.828469753265381,2.2049834728240967,13.388235092163086,130.05722045898438,125.08087921142578,166.24972534179688,0.6975219249725342,0.6290506720542908,12.852285385131836,163.71359252929688,157.14517211914062,159.61524963378906,6.8003082275390625,-47.21058654785156,34.86180877685547,0.34073349996641616,0.32706279101045166,0.33220370902313223,13.38868522644043,13.380315780639648,13.417335510253906,75.37902069091797,67.32992553710938,219.5982818603516,0.8740922808647156,3.5593292713165283,20.006837844848636,103.65013122558594,136.2391357421875,212.0023193359375,1.1442852020263672,0.9993192553520204,17.665266036987305,191.0408172607422,219.5982818603516,161.84788513183594,34.127532958984375,15.242523193359403,37.094444274902344,27.327224731445312,62.453109741210966,2.232635498046875,0.3337033373955952,0.3835865057210299,0.2827101568833749,18.05782890319824,20.006837844848636,17.40339469909668,123.88400268554688,10.793968200683594,145.22743225097656,5.269788265228272,2.130756139755249,12.701334953308104,129.52069091796875,124.93822479248048,148.32362365722656,0.7319290041923523,0.636143147945404,12.136796951293944,145.2273712158203,139.26254272460938,140.07650756835938,-11.6859130859375,-65.09321594238281,15.323066711425781,-18.486221313476562,-17.88262939453125,-19.538742065429688,-45.813446044921875,-80.33573913574222,-21.771377563476562,0.34206042649280477,0.3280112031227285,0.3299283703844667,12.701423645019531,12.21985912322998,12.147839546203612
binary_TC54_OTC0_CTC6,R1,binary,54,0,6,1,0,1,88.09906005859375,102.7488784790039,188.3762969970703,0.3997959494590759,4.802850723266602,18.19737243652344,103.55632781982422,123.05750274658205,182.6169586181641,1.141480803489685,0.5717098116874695,16.366390228271484,183.68882751464844,188.3762969970703,112.7847671508789,0.37885710747456597,0.3885249852301907,0.23261790729524331,18.009658813476562,18.19737243652344,14.224528312683104,166.28756713867188,15.36826992034912,168.67149353027344,3.589973211288452,1.8651686906814573,15.816244125366213,132.56834411621094,126.88289642333984,169.02325439453125,0.5548707246780396,0.7901122570037842,14.869317054748535,163.1825714111328,158.56301879882812,168.6663055419922,-20.506256103515625,-29.813278198242188,55.88153839111328,0.3327459485070676,0.32332620838183784,0.34392784311109453,15.442098617553713,15.499235153198242,15.809924125671388,72.41751861572266,61.01580810546875,219.21783447265625,0.6511358618736267,3.732471704483032,22.0911922454834,104.98809814453124,137.679931640625,212.2884521484375,1.0597238540649414,0.6712179183959961,19.6531925201416,188.4395294189453,219.21783447265625,167.03012084960938,4.750701904296875,30.841537475585938,54.24535369873047,25.2569580078125,60.654815673828125,-1.6361846923828125,0.3278991354819603,0.3814557307984057,0.290645133719634,20.68857955932617,22.0911922454834,19.73939514160156,168.56704711914062,15.1497802734375,162.21961975097656,4.697695732116699,1.667558193206787,14.507087707519531,132.2890625,127.529541015625,163.222900390625,0.4938571155071258,0.621850848197937,13.707139015197754,156.2477569580078,152.645751953125,162.21961975097656,-27.441070556640625,-35.73054504394531,49.434852600097656,-6.934814453125,-5.917266845703125,-6.446685791015625,-32.1917724609375,-66.57208251953125,-4.8105010986328125,0.3316565543433867,0.3240108217459701,0.3443326239106432,14.299242973327637,14.14871311187744,14.507087707519531
binary_TC54_OTC0_CTC6,R2,binary,54,0,6,1,0,1,88.24258422851562,103.13805389404295,188.1700439453125,0.7114194631576538,4.936651706695557,18.614168167114254,103.59210205078124,122.88863372802734,182.38815307617188,1.454990267753601,0.8055078983306885,16.68785285949707,183.7458648681641,188.1619415283203,112.35597229003906,0.37943342648203215,0.3885525818979793,0.2320139916199886,18.16510009765625,18.615501403808597,14.223172187805176,166.86575317382812,16.056106567382812,168.531494140625,9.55348777770996,2.0476233959198,15.94841194152832,132.75579833984375,126.92015838623048,168.54750061035156,0.6170454025268555,0.8960695862770081,14.983258247375488,162.41477966308594,157.97784423828125,168.51353454589844,-21.331085205078153,-30.184097290039062,56.157562255859375,0.3322003146348264,0.32312508547654356,0.34467459988863003,15.429515838623049,15.601699829101562,15.93059253692627,72.89314270019531,63.691524505615234,215.69569396972656,0.6973986029624939,3.561607837677002,22.34847640991211,104.52716064453124,137.51119995117188,208.87338256835935,1.2947282791137695,0.8312671184539795,19.803380966186523,184.89707946777344,215.69569396972656,162.06597900390625,1.1512145996093466,27.53375244140625,49.71000671386719,22.4822998046875,57.71784973144531,-6.4475555419921875,0.3286131756868531,0.38335081971765567,0.2880360045954912,20.506778717041016,22.34847640991211,19.346622467041016,166.812255859375,16.163707733154297,162.59298706054688,19.755369186401367,2.375255823135376,14.12921142578125,132.55450439453125,127.35317993164062,163.0188751220703,0.7137028574943542,0.8819312453269958,13.4815034866333,156.0423126220703,152.34378051757812,162.5890655517578,-27.70355224609378,-35.81816101074219,50.23309326171875,-6.372467041015625,-5.634063720703125,-5.924468994140625,-28.854766845703125,-63.35191345214844,0.5230865478515625,0.3313175010241099,0.3234645770720941,0.345217921903796,14.014395713806152,13.90009880065918,14.127975463867188
binary_TC54_OTC0_CTC6,R3,binary,54,0,6,1,0,1,88.39128875732422,103.27173614501952,188.7566375732422,0.718356192111969,4.321181297302246,18.75383758544922,103.51887512207033,122.6724090576172,182.9009704589844,1.57434344291687,0.8284547328948975,16.76956558227539,184.6173248291016,188.7469482421875,112.56466674804688,0.3799265894674655,0.38842499957372767,0.2316484109588069,18.413087844848636,18.751293182373047,13.851144790649414,166.68409729003906,15.909324645996094,166.6165771484375,14.741328239440918,2.248745441436768,15.813446998596191,132.64523315429688,127.0964813232422,166.86605834960938,0.7060904502868652,0.9132797718048096,14.853611946105955,160.4291229248047,156.2777099609375,166.60362243652344,-24.188201904296903,-32.46923828125,54.03895568847656,0.331938035186581,0.32334849834095436,0.34471346647246465,15.428719520568848,15.40659999847412,15.79955005645752,72.45332336425781,60.39946746826172,225.3202972412109,1.047518968582153,4.895442962646484,20.53626823425293,104.73050689697266,137.7085723876953,217.69992065429688,1.4870128631591797,1.2200847864151,18.33986473083496,194.0679168701172,225.3202972412109,172.24436950683594,9.450592041015597,36.57334899902341,59.67970275878906,33.6387939453125,69.04258728027341,5.6407470703125,0.3280210087201137,0.3808449762236747,0.2911340150562116,20.116945266723636,20.53626823425293,19.313278198242188,166.70526123046875,16.593257904052734,163.59507751464844,12.77460479736328,2.0623772144317627,14.459336280822754,132.76788330078125,126.95690155029295,163.75241088867188,0.5947519540786743,0.8980744481086731,13.764365196228027,157.3487091064453,153.0093231201172,163.57325744628906,-27.26861572265628,-35.73762512207031,51.00859069824219,-3.080413818359375,-3.2683868408203125,-3.030364990234375,-36.719207763671875,-72.31097412109372,-8.671112060546875,0.3320074292099621,0.32285127919225903,0.34514129159777884,14.328004837036133,14.213038444519045,14.441438674926758
binary_TC54_OTC6_CTC0,R1,binary,54,6,0,1,1,0,71.50730895996094,97.25950622558594,204.85292053222656,0.5857121348381042,4.262087345123291,20.451440811157227,93.62197875976562,144.32565307617188,194.78677368164065,1.4077534675598145,0.5758915543556213,18.046924591064453,157.0637969970703,204.85292053222656,127.0165786743164,0.32123767846578005,0.4189792802470888,0.2597830412871312,18.418682098388672,20.451440811157227,15.820672988891602,148.0238494873047,10.962698936462402,148.99188232421875,4.737058639526367,1.3163964748382568,13.10154914855957,131.41934204101562,125.2909698486328,152.72561645507812,0.6420825719833374,0.5980811715126038,12.562536239624023,148.84828186035156,142.60585021972656,148.46942138671875,-8.21551513671875,-62.2470703125,21.452842712402344,0.3383503353875001,0.3241605253820303,0.3374891392304696,13.148176193237305,12.578932762145996,13.406302452087402,73.15695190429688,62.09371948242188,221.9474029541016,0.4368745386600494,3.347736597061157,20.86359977722168,104.69843292236328,137.16195678710938,214.59078979492188,1.0192127227783203,0.7177197337150574,18.469532012939453,191.52346801757807,221.9474029541016,168.12261962890625,34.459671020507756,17.09448242187503,41.106040954589844,42.675186157226506,79.34155273437503,19.6531982421875,0.32930813551541,0.3816194757009854,0.2890723887836046,19.50824737548828,20.86359977722168,18.466886520385746,135.6951904296875,10.02853775024414,152.6055145263672,5.068016052246094,1.572689414024353,12.520379066467283,130.35035705566406,125.50881958007812,156.1350860595703,0.5502257347106934,0.5633948445320129,11.873604774475098,152.6038360595703,146.60496520996094,149.78958129882812,-4.4599609375,-58.247955322265625,22.77300262451172,3.75555419921875,3.999114990234375,1.320159912109375,-38.919631958007756,-75.34243774414065,-18.333038330078125,0.3398761376079937,0.3265155753376028,0.33360828705440354,12.520951271057127,11.988821983337402,12.780035018920898
binary_TC54_OTC6_CTC0,R2,binary,54,6,0,1,1,0,71.65284729003906,97.48546600341795,205.32254028320312,0.6219860911369324,4.8201422691345215,20.762083053588867,93.59178161621094,144.29441833496094,195.2034454345703,1.6692765951156616,0.933124542236328,18.29632568359375,157.7313232421875,205.32254028320312,127.14295196533205,0.32177141559821637,0.4188573523833694,0.2593712320184143,17.938798904418945,20.762083053588867,16.248764038085938,146.85679626464844,9.99856948852539,148.6108856201172,15.921951293945312,2.722897529602051,13.070798873901367,130.89779663085938,125.91234588623048,152.6754608154297,1.047413349151611,1.0124560594558716,12.41406536102295,148.08230590820312,142.7728729248047,147.7973175048828,-9.649017333984375,-62.54966735839844,20.654365539550767,0.33758455074227245,0.3254805891149605,0.336934860142767,12.86526584625244,12.40321445465088,13.419073104858398,73.34617614746094,59.65092468261719,224.27407836914065,0.8568861484527588,3.933858871459961,20.31354522705078,105.38067626953124,136.76210021972656,216.98870849609372,1.194027066230774,0.981040060520172,18.072046279907227,195.0908660888672,224.27407836914065,172.04173278808594,37.35954284667969,18.95153808593753,44.89878082275389,47.00856018066406,81.50120544433597,24.244415283203125,0.32987599497069386,0.3792214173392172,0.290902587690089,19.36587142944336,20.31354522705078,18.45980262756348,134.4720458984375,9.641032218933104,156.71524047851562,6.798593997955322,2.395730972290039,13.261659622192385,130.2039031982422,125.53731536865234,160.11398315429688,0.7393306493759155,0.7411858439445496,12.750502586364746,156.70089721679688,150.80845642089844,153.6981964111328,-1.030426025390625,-54.51408386230469,26.555244445800767,8.61859130859375,8.03558349609375,5.90087890625,-38.38996887207031,-73.46562194824222,-18.343536376953125,0.33976221161211895,0.32698609640048676,0.3332516919873943,13.25767421722412,13.077691078186035,13.325697898864746
binary_TC54_OTC6_CTC0,R3,binary,54,6,0,1,1,0,71.32584381103516,96.3009262084961,202.71470642089844,0.7860761284828186,4.084621429443359,20.29248046875,94.1126708984375,144.25259399414062,193.0596618652344,1.7086070775985718,0.9402819871902466,17.855653762817383,155.42745971679688,202.71470642089844,126.40741729736328,0.32076688337020914,0.4183569924543483,0.2608761241754425,17.832168579101562,20.29248046875,15.345782279968262,151.51846313476562,10.286890983581545,149.35130310058594,12.710291862487791,2.405630350112915,13.218419075012209,131.1269073486328,126.0669937133789,153.3208770751953,0.9026578664779664,1.0576667785644531,12.5939302444458,148.4888458251953,143.3258514404297,148.9364471435547,-6.9386138916015625,-59.38885498046875,22.529029846191406,0.3368995128174707,0.32518543232044433,0.33791505486208495,13.118964195251465,12.67043399810791,13.375199317932127,73.3468017578125,60.39060974121094,225.6242218017578,0.9159079194068908,4.896718502044678,20.253263473510746,105.04287719726562,136.91041564941406,218.05517578125,1.454856038093567,1.190253973007202,18.08502960205078,195.9407501220703,225.6242218017578,172.47593688964844,40.51329040527344,22.909515380859375,46.068519592285156,47.451904296875,82.29837036132812,23.53948974609375,0.32984386633142454,0.3798125995268817,0.2903435341416938,19.6186637878418,20.253263473510746,19.062353134155277,138.0599822998047,8.933000564575195,152.806396484375,9.84747314453125,2.0404608249664307,12.425826072692873,130.28387451171875,125.85511779785156,156.84341430664062,0.8323420882225037,0.7182679772377014,11.855583190917969,152.7607879638672,147.4434356689453,150.72137451171875,-2.6666717529296875,-55.271270751953125,24.31395721435547,4.271942138671875,4.117584228515625,1.7849273681640625,-43.179962158203125,-78.1807861328125,-21.754562377929688,0.3387716035471202,0.3269795200708179,0.3342488763820619,12.439587593078612,11.92961311340332,12.79127025604248
binary_TC6_OTC0_CTC54,R1,binary,6,0,54,1,0,1,103.54681396484376,193.4433135986328,237.79537963867188,1.5921801328659058,14.346512794494627,10.705817222595217,127.27375030517578,78.89305114746094,159.19070434570312,6.991893291473389,6.2176923751831055,17.13642692565918,237.79537963867188,156.06784057617188,57.846435546875,0.5264341299892674,0.34550476967997157,0.12806110033076104,10.705817222595217,20.58199691772461,15.333720207214355,161.8876190185547,8.853209495544434,93.585693359375,32.28675842285156,4.550306797027588,13.439146041870115,129.5624237060547,127.93000030517578,98.5915069580078,0.6741618514060974,0.8401899933815002,13.91453742980957,91.49320220947266,90.38067626953124,93.46952056884766,-146.30217742919922,-65.68716430664064,35.623085021972656,0.3322876180284684,0.3282471146287553,0.33946526734277627,13.050647735595703,13.016822814941406,13.50300407409668,88.01335144042969,59.21992874145508,210.97482299804688,0.5098899006843567,2.778463363647461,18.197664260864254,111.46269989013672,124.47335815429688,207.07171630859372,0.7545599937438965,0.5307048559188843,16.260942459106445,207.6475372314453,210.97482299804688,162.13369750976562,-30.147842407226562,54.906982421875,104.28726196289062,116.15433502197266,120.59414672851564,68.66417694091797,0.35754691572183805,0.3632761469924577,0.27917693728570425,17.713165283203125,18.197664260864254,15.998023986816406,167.04173278808594,9.05394172668457,157.8755645751953,15.138345718383787,1.3548330068588257,11.680190086364746,130.71087646484375,127.77581787109376,161.91802978515625,0.4963459372520447,0.53734290599823,10.958402633666992,154.4771270751953,152.28443908691406,157.87135314941406,-83.31825256347656,-3.7834014892578125,100.02491760253906,62.983924865722656,61.90376281738283,64.4018325805664,-53.17041015625,-58.69038391113281,-4.2623443603515625,0.3324713352297423,0.3277521517686774,0.3397765130015803,11.243258476257324,11.334522247314451,11.68713092803955
binary_TC6_OTC0_CTC54,R2,binary,6,0,54,1,0,1,103.6415557861328,193.5509185791016,237.93850708007807,1.6104893684387207,14.154940605163574,10.669243812561035,127.55677032470705,78.62245178222656,158.9311981201172,7.022111892700195,6.208678245544434,17.04479217529297,237.93850708007807,155.6769256591797,57.75625991821289,0.5271453902640741,0.3448974053792008,0.1279572043567251,10.669243812561035,20.489761352539062,15.098309516906738,138.77175903320312,8.9588041305542,92.48685455322266,60.73030853271485,5.898746013641357,13.545038223266602,129.4239044189453,127.9445343017578,97.50395965576172,0.8774641752243042,1.15110182762146,13.984590530395508,90.38934326171876,89.4177474975586,92.30977630615234,-147.54916381835932,-66.2591781616211,34.55351638793945,0.33217104193686353,0.3286005327852697,0.33922842527786684,12.980228424072266,13.059906005859377,13.650318145751951,87.60327911376953,58.31178283691406,208.1333770751953,0.8991230130195618,3.246152877807617,17.961204528808594,111.7644271850586,125.0732421875,204.6463928222656,0.9065491557121276,0.617678701877594,16.136693954467773,204.18638610839844,208.1309051513672,160.735595703125,-33.75212097167963,52.4539794921875,102.97933578491211,113.79704284667967,118.7131576538086,68.42581939697266,0.35631333643664376,0.3631966785028084,0.28048998506054784,17.560853958129883,17.96184539794922,16.055824279785156,153.93197631835938,9.48702621459961,157.4793701171875,44.135963439941406,2.258514404296875,11.691812515258787,130.74415588378906,127.71450805664062,161.38101196289062,0.7675440311431885,0.7930054068565369,10.955787658691406,154.05162048339844,151.6651611328125,157.46067810058594,-83.88688659667963,-4.0117645263671875,99.70441818237305,63.66227722167967,62.247413635253906,65.1509017944336,-50.134765625,-56.46574401855469,-3.2749176025390625,0.33259740354720857,0.32744503850758616,0.3399575579452052,11.300607681274414,11.277649879455566,11.711427688598633
binary_TC6_OTC0_CTC54,R3,binary,6,0,54,1,0,1,103.60602569580078,193.58551025390625,238.1957550048828,1.593065619468689,15.087298393249512,10.44980239868164,127.49779510498048,78.65803527832031,159.1890869140625,7.056075096130371,6.401523113250732,17.125795364379883,238.1957550048828,155.9678192138672,57.812381744384766,0.5270097930260501,0.34507990338005645,0.1279103035938934,10.44980239868164,20.58086395263672,15.953312873840332,134.40585327148438,9.193568229675291,92.982177734375,63.37847137451172,6.16495943069458,13.475186347961426,129.4131622314453,127.93693542480467,97.98719024658205,0.899825930595398,1.3126460313796997,13.956085205078123,90.84561920166016,89.87018585205078,92.74205017089844,-147.35013580322266,-66.0976333618164,34.92966842651367,0.33221067695072254,0.3286436433805653,0.3391456796687122,13.055434226989746,13.059417724609377,13.547063827514648,87.41436004638672,59.29740524291992,197.12445068359372,1.1907780170440674,3.4945051670074463,14.875752449035645,112.1630401611328,125.25682830810548,194.788330078125,0.98947411775589,0.832226574420929,13.522310256958008,193.1005401611328,197.119873046875,151.44309997558594,-45.09521484375,41.15205383300781,93.63071823120117,102.25492095947266,107.24968719482422,58.7010498046875,0.3564953803629791,0.3639157304288693,0.27958888920815156,14.466721534729004,14.877138137817385,13.571178436279297,140.69326782226562,10.18342113494873,158.7296600341797,61.86670684814453,3.327035427093506,11.016980171203612,130.7363739013672,128.00387573242188,162.30560302734375,1.0473936796188354,0.7954283952713013,10.479437828063965,154.4451446533203,152.53509521484375,158.72048950195312,-83.7506103515625,-3.4327239990234375,100.90810775756836,63.599525451660156,62.66490936279297,65.97843933105469,-38.6553955078125,-44.58477783203125,7.2773895263671875,0.33164033232718976,0.3275388797890758,0.34082078788373443,10.945189476013184,10.872077941894531,11.015892028808594
binary_TC6_OTC54_CTC0,R1,binary,6,54,0,1,1,0,73.93675231933594,104.53631591796876,231.2558135986328,1.230729103088379,9.527850151062012,18.466821670532227,88.97803497314453,144.08584594726562,216.74044799804688,2.7082014083862305,2.6386256217956543,16.63451385498047,180.7174835205078,231.2558135986328,136.99107360839844,0.3291971085136255,0.42125832919202194,0.2495445622943526,21.065614700317383,18.466821670532227,18.676740646362305,101.3055419921875,79.45034790039062,228.4296875,0.487405389547348,2.568012237548828,11.92956829071045,119.7374496459961,109.976318359375,201.42889404296875,0.581947386264801,0.7425771951675415,9.961538314819336,228.4296875,201.51226806640625,157.3416748046875,47.71220397949219,-29.743545532226562,20.350601196289062,0.388959738849965,0.34312597464886657,0.2679142865011684,11.92956829071045,10.864563941955566,10.176435470581056,87.91231536865234,92.8227767944336,212.96575927734372,0.3373496532440185,2.275842905044556,9.95810317993164,103.17264556884766,123.0879898071289,205.012939453125,0.7728245258331299,0.3564453423023224,8.75835132598877,207.5277099609375,212.96575927734372,135.5274658203125,26.810226440429688,-18.29005432128909,-1.4636077880859375,-20.9019775390625,11.453491210937472,-21.814208984375,0.3732372234133021,0.3830175193941237,0.24374525719257414,9.952634811401367,9.95810317993164,7.855282306671143,101.657958984375,77.28157043457031,217.8393096923828,0.5279815196990967,2.74243712425232,11.53007698059082,120.70195770263672,110.92986297607422,193.4397125244141,0.6825916767120361,0.5012950301170349,10.158653259277344,217.8393096923828,192.34124755859372,151.93698120117188,37.121826171875,-38.91456604003909,14.945907592773438,-10.590377807617188,-9.171020507812528,-5.404693603515625,10.311599731445312,-20.62451171875,16.409515380859375,0.38753338010450084,0.3421726496707898,0.27029397022470925,11.53007698059082,11.117486953735352,9.987398147583008
binary_TC6_OTC54_CTC0,R2,binary,6,54,0,1,1,0,74.6998519897461,108.08484649658205,231.53775024414065,1.278678059577942,9.799269676208496,17.9383544921875,88.24528503417969,143.51119995117188,216.6669158935547,2.8562819957733154,2.8027143478393555,16.127384185791016,181.56809997558597,231.53775024414065,133.93551635742188,0.33190926878466637,0.4232545551223634,0.24483617609297037,20.67723846435547,17.9383544921875,18.30888557434082,101.27447509765624,78.52639770507812,227.90676879882807,0.6551550030708313,2.533660888671875,11.84982967376709,119.8223114013672,110.23527526855467,201.37045288085935,0.7309537529945374,0.8957512378692627,9.831450462341309,227.90676879882807,201.37725830078125,157.8092803955078,46.3386688232421,-30.160491943359403,23.873764038085938,0.3881951401749262,0.3430072455773243,0.2687976142477494,11.84982967376709,10.70156192779541,10.01205348968506,87.90218353271484,87.55626678466797,232.31089782714844,0.5160566568374634,3.473673820495605,13.859915733337402,102.54821014404295,123.0838851928711,222.1527557373047,0.9458038210868835,0.6087580323219299,12.156782150268556,226.53379821777344,232.31024169921875,152.713623046875,44.96569824218747,0.7724914550780966,18.778106689453125,-1.3729705810546307,30.9329833984375,-5.0956573486328125,0.37042099533165,0.379866455394157,0.249712549274193,13.525691986083984,13.860821723937988,11.892297744750977,101.2946319580078,77.70429992675781,214.23866271972656,0.8047946691513062,2.8295719623565674,11.318411827087402,120.34803009033205,111.29124450683594,190.89263916015625,0.8895536065101624,0.7333480715751648,9.862424850463867,214.23866271972656,189.72445678710935,149.05641174316406,32.6705627441406,-41.81329345703131,15.120895385742188,-13.668106079101506,-11.652801513671903,-8.75286865234375,-12.295135498046875,-42.5857849121094,-3.6572113037109375,0.3873980042539891,0.34307008354347224,0.26953191220253864,11.318411827087402,10.730204582214355,9.789783477783203
binary_TC6_OTC54_CTC0,R3,binary,6,54,0,1,1,0,74.81086730957031,106.99925231933594,232.70567321777344,1.4976255893707275,11.280898094177246,17.78484344482422,88.5497055053711,143.22547912597656,217.8174743652344,3.490283489227295,3.329187154769897,16.147005081176758,183.35321044921875,232.70567321777344,135.64976501464844,0.33233702405673426,0.42179087417579075,0.24587210176747495,21.39192771911621,17.78484344482422,19.48909568786621,101.38094329833984,79.12486267089844,227.87635803222656,0.7069026231765747,2.642717838287353,11.632715225219728,119.91692352294922,110.00714874267578,200.97152709960935,0.7804278135299683,0.8919520974159241,9.777260780334473,227.87635803222656,200.9135589599609,157.25180053710938,44.52314758300781,-31.79211425781253,21.602035522460938,0.38883982354180235,0.3428314963770766,0.268328680081121,11.632715225219728,10.6935453414917,9.90422248840332,87.76187896728516,89.9354476928711,233.6612243652344,0.6704141497612,3.807097911834717,13.32928466796875,101.6645278930664,123.2262725830078,222.99913024902344,0.973782241344452,0.779992401599884,11.710598945617676,227.19888305664065,233.6604156494141,151.41075134277344,43.8456726074219,0.9547424316406534,15.760986328125,-0.6774749755859091,32.74685668945318,-5.8410491943359375,0.3710762645315114,0.3816296675474814,0.2472940679210073,13.386340141296388,13.328489303588867,11.650151252746582,101.10612487792967,79.1915054321289,210.23292541503903,0.8766855001449585,3.1098508834838867,10.828821182250977,120.18009185791016,111.3534698486328,187.3672332763672,0.9144670367240906,0.8460491299629211,9.401989936828612,210.23292541503903,186.03790283203125,145.05075073242188,26.879714965820284,-46.66777038574219,9.400985717773438,-17.64343261718753,-14.875656127929659,-12.2010498046875,-16.96595764160162,-47.62251281738284,-6.3600006103515625,0.38836974836911803,0.34367353908697446,0.26795671254390746,10.828821182250977,10.170865058898926,9.520036697387695
blank_TC0_OTC0_CTC0,R1,blank,0,0,0,0,0,0,95.3762664794922,181.08090209960935,96.20658111572266,0.6042914390563965,7.675967216491699,10.823678016662598,114.24464416503906,115.61487579345705,83.67630767822266,1.5664176940917969,0.7175500392913818,10.859737396240234,96.20658111572266,84.09033966064453,28.13327407836914,0.4615769859197849,0.4034460540578134,0.1349769600224017,10.823678016662598,10.742116928100586,5.653357028961182,101.00132751464844,236.54136657714844,201.2996368408203,0.0363924503326416,0.9416269063949584,1.0299110412597656,124.49059295654295,83.98863220214844,134.34996032714844,0.5049649477005005,0.1280973255634308,0.9757795333862304,201.2996368408203,131.35223388671875,14.458133697509766,105.09305572509766,47.26189422607422,-13.675140380859375,0.579930380209732,0.3784167330592787,0.04165288673098933,1.0299110412597656,0.9769119024276732,0.9288806915283204,100.00160217285156,237.9846343994141,235.0155487060547,0.0400140136480331,1.2366149425506592,2.8361377716064453,120.1180419921875,81.17295837402344,160.65809631347656,0.6104621291160583,0.5787460207939148,2.1788125038146973,235.0155487060547,160.7584228515625,15.780945777893066,138.80896759033203,76.66808319091797,-12.352328300476074,33.715911865234375,29.40618896484375,1.3228120803833008,0.5710429855329949,0.3906123243341254,0.038344690132879715,2.8361377716064453,2.36419677734375,1.1069520711898804,101.1140594482422,235.12049865722656,197.97244262695312,0.3179382383823395,1.4895402193069458,3.6159842014312735,124.56607055664062,84.37294006347656,131.99720764160156,0.5345761775970459,0.6240561604499817,2.6367743015289307,197.97244262695312,129.03863525390625,15.445138931274414,101.76586151123047,44.94829559326172,-12.688135147094727,-3.3271942138671875,-2.3135986328125,0.9870052337646484,-37.04310607910156,-31.71978759765625,-0.33580684661865234,0.5780956306468741,0.3768033077486658,0.04510106160446017,3.6159842014312735,2.6991772651672363,1.1811012029647827
blank_TC0_OTC0_CTC0,R2,blank,0,0,0,0,0,0,95.20243072509766,178.22119140625,101.73403930664062,0.5734291076660156,6.179177761077881,7.9456000328063965,113.4908447265625,115.42639923095705,89.2271957397461,1.2628945112228394,0.836796760559082,7.711977481842041,101.73403930664062,89.60667419433594,30.75880622863769,0.45805609769211775,0.4034528048661421,0.13849109744174012,7.9456000328063965,7.722990036010742,4.425034523010254,101.0140609741211,237.6312561035156,205.80438232421875,0.1229445859789848,1.327994465827942,1.4211256504058838,123.95518493652344,83.15868377685547,137.5967559814453,0.5883457064628601,0.6005538105964661,0.8507378101348877,205.80438232421875,135.00900268554688,14.18862533569336,104.07034301757812,45.40232849121094,-16.570180892944332,0.5797273714702256,0.3803048961727488,0.03996773235702566,1.4211256504058838,1.080324411392212,1.0501493215560913,100.01678466796876,237.5824432373047,239.13706970214844,0.1886792629957199,1.3021795749664309,2.626678466796875,119.5538558959961,80.94507598876953,163.9215850830078,0.9243552088737488,0.8714357018470764,2.2565665245056152,239.13706970214844,164.457763671875,16.39727210998535,137.4030303955078,74.85108947753906,-14.36153411865234,33.33268737792969,29.448760986328125,2.208646774291992,0.5693846779014126,0.39157346417821354,0.03904185792037388,2.626678466796875,2.6494662761688232,1.2773258686065674,101.02400207519533,235.53460693359372,204.51097106933597,0.1664602309465408,1.8264929056167605,3.2647550106048584,123.83574676513672,83.77392578125,137.01368713378906,0.7386713624000549,0.6750841736793518,2.498422861099243,204.51097106933597,134.50027465820312,15.644065856933594,102.77693176269534,44.89360046386719,-15.114740371704098,-1.293411254882784,-0.50872802734375,1.4554405212402344,-34.62609863281247,-29.957489013671875,-0.7532062530517578,0.5766471398825365,0.37924223961937625,0.044110620498087345,3.2647550106048584,2.832584381103516,1.4776490926742554
blank_TC0_OTC0_CTC0,R3,blank,0,0,0,0,0,0,95.0354232788086,180.4687957763672,100.35086822509766,0.6190212965011597,6.850476741790772,8.190990447998047,113.30026245117188,115.67520141601562,88.13909149169922,1.2530035972595217,0.9605013132095336,7.877193927764893,100.35086822509766,88.68670654296875,29.493942260742188,0.45920547108941084,0.4058302790772159,0.13496424983337327,8.190990447998047,7.80806303024292,4.7262725830078125,101.01820373535156,237.4132232666016,205.76014709472656,0.1462560594081878,1.4318041801452637,1.4804725646972656,123.9655990600586,83.20551300048828,137.5624237060547,0.5877026319503784,0.6140878796577454,0.9213071465492249,205.76014709472656,135.0061492919922,14.345364570617676,105.4092788696289,46.31944274902344,-15.148577690124512,0.579423797405084,0.38017943124715353,0.04039677134776249,1.4804725646972656,1.1796410083770752,1.1106932163238523,99.97241973876952,237.6999053955078,240.0332794189453,0.2153976857662201,1.2833527326583862,2.590193748474121,119.0596160888672,81.24000549316406,165.11502075195312,0.9739341735839844,0.8796480298042297,2.252864122390747,240.0332794189453,165.9307098388672,16.287342071533203,139.68241119384766,77.24400329589844,-13.206600189208984,34.27313232421875,30.924560546875,1.9419775009155273,0.5684606811380903,0.3929666943061579,0.038572624555751785,2.590193748474121,2.707761764526367,1.2646385431289673,100.95555877685548,235.24871826171875,212.55389404296875,0.2210886776447296,1.563111662864685,4.390741348266602,122.63410949707033,83.31497192382812,143.64581298828125,0.747653603553772,0.862645149230957,3.161292314529419,212.55389404296875,141.76666259765625,16.452585220336914,112.2030258178711,53.0799560546875,-13.041357040405273,6.7937469482421875,6.7605133056640625,2.1072206497192383,-27.479385375976562,-24.164047241210938,0.16524314880371094,0.5732720902493941,0.3823541853277443,0.04437372442286165,4.390741348266602,3.3755574226379395,1.3313848972320557
single_TC0_OTC0_CTC60,R1,single,0,0,60,0,0,1,98.57643127441406,161.0982666015625,247.5272979736328,3.335289716720581,21.580062866210938,2.9557995796203613,111.21304321289062,95.50443267822266,195.04791259765625,8.468606948852539,10.693018913269045,19.42112922668457,247.5272979736328,200.56704711914065,91.34121704101562,0.4588635146606109,0.37180909305604265,0.16932739228334648,2.9557995796203613,24.28777313232422,21.726869583129883,164.78240966796875,9.244455337524414,160.66555786132812,19.47978401184082,1.315265417098999,11.727354049682615,130.78884887695312,127.71416473388672,164.48526000976562,0.5077930688858032,0.5607916712760925,10.822352409362791,157.32708740234375,154.85653686523438,160.6614227294922,-90.20021057128906,-45.71051025390628,69.32020568847656,0.3327244060215746,0.3274995431350978,0.33977605084332757,10.893681526184082,11.175854682922363,11.732391357421877,91.80636596679688,59.54443359375,209.6568145751953,0.8638544082641602,3.3991007804870605,16.856069564819336,113.62150573730467,121.80101776123048,204.108642578125,0.811410129070282,0.6254076361656189,15.613533020019531,209.6533203125,206.8281707763672,160.8748321533203,-37.87397766113281,6.261123657226534,69.53361511230469,52.32623291015625,51.97163391113281,0.213409423828125,0.3631263950400268,0.3582331438147385,0.2786404611452347,16.85120964050293,17.364988327026367,15.449458122253418,156.46630859375,9.899208068847656,171.9449005126953,45.78511428833008,2.139456033706665,13.100470542907717,130.90823364257812,128.0613555908203,174.58718872070312,0.7456580996513367,0.4597690403461456,12.047048568725586,167.3487548828125,165.28634643554688,171.9435577392578,-80.17854309082031,-35.28070068359378,80.60234069824219,10.02166748046875,10.4298095703125,11.282135009765625,-42.3045654296875,-41.54182434082031,11.0687255859375,0.3316603900675537,0.32757300267959416,0.3407666072528521,12.430273056030272,12.564620971679688,13.102540016174316
single_TC0_OTC0_CTC60,R2,single,0,0,60,0,0,1,98.0833969116211,156.07814025878906,247.91452026367188,3.4026987552642822,21.995716094970703,2.8846020698547363,109.94244384765624,97.4374542236328,198.57659912109372,7.9881591796875,10.582849502563477,19.234210968017575,247.9140625,204.8453521728516,96.36122131347656,0.4514746783367517,0.3730425315466596,0.17548279011658877,2.884699583053589,23.955455780029297,22.186214447021484,155.779541015625,8.911203384399414,161.4346923828125,38.970062255859375,2.2758982181549072,11.61689281463623,130.67013549804688,127.62010955810548,165.38766479492188,0.7783643007278442,0.7948778867721558,10.900952339172363,158.35946655273438,155.8478546142578,161.39768981933594,-89.55459594726562,-48.99749755859378,65.03646850585938,0.3329642516262021,0.3276833738379974,0.3393523745358005,10.834549903869627,11.291763305664062,11.65379238128662,91.48070526123048,59.88570022583008,209.29544067382807,1.0804275274276731,3.16113543510437,17.210906982421875,113.3607406616211,121.95667266845705,204.02647399902344,0.9207930564880372,0.7900814414024353,15.54894733428955,209.2136993408203,206.861328125,160.30921936035156,-38.70036315917969,2.015975952148409,63.947998046875,50.85423278808594,51.01347351074219,-1.088470458984375,0.36297608842164586,0.35889483320210525,0.27812907837624895,17.22971534729004,17.25093650817871,15.398491859436035,131.18641662597656,10.93769645690918,168.3399200439453,71.9664535522461,2.433111906051636,12.629164695739746,130.85865783691406,128.39190673828125,170.8027801513672,0.8758190274238586,0.7608029246330261,11.37664794921875,162.6994171142578,161.23049926757812,168.33973693847656,-85.21464538574219,-43.614852905273466,71.978515625,4.3399505615234375,5.3826446533203125,6.942047119140625,-46.5142822265625,-45.630828857421875,8.030517578125,0.3305087283298199,0.3275247583922624,0.34196651327791766,11.519937515258787,11.818777084350586,12.629413604736328
single_TC0_OTC0_CTC60,R3,single,0,0,60,0,0,1,98.04005432128906,156.68994140625,247.8899383544922,3.326269149780273,22.353235244750977,2.866779088973999,109.82530212402344,97.43737030029295,198.5511779785156,7.828080177307129,10.509686470031738,19.11214828491211,247.8899383544922,204.88333129882807,95.74966430664062,0.4519226508268235,0.3735182589717997,0.17455909020137672,2.866779088973999,23.745019912719727,22.51017951965332,153.345703125,8.564959526062012,161.63926696777344,37.831329345703125,2.150855779647827,11.777213096618652,130.6379852294922,127.39665985107422,165.78109741210938,0.7975450754165649,0.8547834753990173,11.126514434814451,159.15724182128906,156.25843811035156,161.5883026123047,-88.73269653320312,-48.624893188476506,65.83863830566406,0.3336601949788255,0.32758308909078304,0.33875671593039147,11.11948013305664,11.535562515258787,11.807785987854004,91.66290283203124,58.80690383911133,209.8008575439453,1.099921703338623,3.051607370376587,16.919403076171875,113.73249053955078,121.93806457519533,204.4323272705078,0.9278100728988647,0.8213726878166199,15.270565032958984,209.74595642089844,207.11720275878903,161.5623016357422,-38.14398193359375,2.233871459960966,65.81263732910156,50.588714599609375,50.85876464843747,-0.0260009765625,0.3626153595058058,0.35807068808279563,0.2793139524113985,16.930917739868164,16.9794979095459,15.075961112976074,116.91529846191406,9.916824340820312,175.1407012939453,78.95533752441406,1.9806067943573,13.474786758422852,130.59793090820312,128.47816467285156,177.60757446289062,0.8252862691879272,0.7058399319648743,12.080512046813965,169.6787109375,168.50540161132812,175.1407012939453,-78.21122741699219,-36.37792968749994,79.39103698730469,10.521469116210938,12.246963500976562,13.552398681640625,-40.06724548339844,-38.61180114746091,13.578399658203125,0.33054842930205786,0.32826272384903593,0.3411888468489062,12.405664443969728,12.628761291503906,13.474786758422852
single_TC0_OTC60_CTC0,R1,single,0,60,0,0,1,0,72.8170166015625,117.3444595336914,209.2481842041016,0.6073087453842163,5.891002655029297,24.39021110534668,87.41448974609375,146.54336547851562,196.4180603027344,2.032397747039795,0.9006060361862183,21.26229286193848,154.4062957763672,209.2481842041016,113.50554656982422,0.3235943649611074,0.4385283187212806,0.23787731631761208,21.45821762084961,24.39021110534668,17.930866241455078,100.94514465332033,89.42402648925781,223.6750640869141,0.2896441519260406,2.905373334884644,10.815564155578612,118.30752563476562,108.49541473388672,195.0217437744141,0.5429101586341858,0.6809861660003662,9.154364585876465,223.6750640869141,195.3444061279297,145.3375701904297,69.2687683105469,-13.903778076171903,31.83202362060547,0.396336092354389,0.3461362083613768,0.25752769928423425,10.815564155578612,9.913997650146484,9.228469848632812,88.99585723876953,97.02938842773438,218.94805908203125,0.3760343492031097,2.6755971908569336,12.470892906188965,102.11279296875,121.49437713623048,209.87452697753903,0.9790563583374025,0.5991799831390381,10.91150951385498,215.86001586914065,218.9456787109375,135.754638671875,61.453720092773466,9.697494506835909,22.24909210205078,-7.8150482177734375,23.601272583007812,-9.582931518554688,0.3783298685326224,0.3837379957050984,0.23793213576227926,12.080278396606444,12.470993995666504,9.611980438232422,100.88815307617188,90.4465103149414,210.0931854248047,0.3667068481445312,2.7880778312683105,10.755163192749023,118.61700439453124,109.53887176513672,184.22059631347656,0.548488438129425,0.7458574175834656,9.203954696655272,210.0931854248047,183.54608154296875,135.64952087402344,55.6868896484375,-25.70210266113284,22.14397430419922,-13.581878662109403,-11.798324584960938,-9.68804931640625,-5.766830444335966,-35.39959716796875,-0.1051177978515625,0.3969348874391819,0.3467787071239269,0.2562864054368912,10.755163192749023,10.037853240966797,8.721842765808105
single_TC0_OTC60_CTC0,R2,single,0,60,0,0,1,0,73.08061218261719,116.78956604003906,210.43963623046875,0.7527044415473938,5.541472434997559,23.8010196685791,87.51239776611328,146.0778350830078,197.5412139892578,2.06284236907959,0.9103057384490968,20.719186782836918,156.49037170410156,210.43963623046875,114.51412200927734,0.32504367998495176,0.4371008454397668,0.23785547457528142,21.579992294311523,23.8010196685791,17.154109954833984,100.73744201660156,89.1680908203125,223.12384033203125,0.7077372074127197,3.215099811553955,10.507660865783691,118.3206787109375,108.78467559814452,194.8595428466797,0.9067068696022034,0.9236211180686952,9.2740478515625,223.12384033203125,195.2100372314453,145.19168090820312,66.63346862792969,-15.229598999023438,30.67755889892578,0.39594271631114397,0.3464084890148877,0.25764879467396834,10.507660865783691,10.22027587890625,8.942091941833496,88.86338806152344,96.0818099975586,218.7977752685547,0.5971080660820007,3.047898530960083,12.464223861694336,102.2270736694336,121.77464294433594,209.82809448242188,1.0686931610107422,0.7888877391815186,10.923262596130373,215.3473052978516,218.7799835205078,136.47311401367188,58.85693359375003,8.340347290039062,21.95899200439453,-7.776535034179659,23.5699462890625,-8.71856689453125,0.3774047551123861,0.38342066082436765,0.23917458406324632,12.158669471740724,12.466904640197754,9.843424797058104,100.8699951171875,89.16319274902344,210.05101013183597,0.6240535974502563,3.1535792350769043,10.747872352600098,118.926025390625,109.72663116455078,184.4345550537109,0.726184070110321,0.8668075203895569,9.148137092590332,210.05101013183597,183.65773010253903,136.71527099609375,53.5606384277344,-26.781906127929716,22.201148986816406,-13.072830200195284,-11.552307128906278,-8.476409912109375,-5.296295166015625,-35.12225341796878,0.242156982421875,0.39600584755686896,0.3462470141132806,0.2577471383298504,10.747872352600098,9.858718872070312,9.142409324645996
single_TC0_OTC60_CTC0,R3,single,0,60,0,0,1,0,73.61083984375,117.96099090576172,210.7034912109375,0.7358320951461792,6.035604000091553,23.86644744873047,87.42265319824219,145.59893798828125,197.71278381347656,2.0585148334503174,1.0461361408233645,20.792177200317383,157.69622802734375,210.7034912109375,113.72613525390624,0.3270851927106081,0.43703006019635027,0.23588474709304164,21.442781448364254,23.86644744873047,17.405488967895508,100.8734359741211,87.95285034179688,221.83758544921875,0.6294833421707153,3.192168951034546,10.42147159576416,118.54078674316406,109.0349578857422,194.14175415039065,0.7996712327003479,0.8241676092147827,9.14146614074707,221.83758544921875,194.30946350097656,145.4249725341797,64.141357421875,-16.394027709960938,31.69883728027345,0.3950296256976027,0.3460098724066918,0.2589605018957055,10.42147159576416,9.995036125183104,9.125356674194336,88.85871124267578,96.77586364746094,217.10726928710935,0.6164492964744568,3.128858804702759,12.509156227111816,102.23751831054688,121.7863998413086,208.2831268310547,1.1160036325454712,0.8251469135284424,10.973214149475098,213.66021728515625,217.07896423339844,134.83096313476562,55.9639892578125,6.3754730224609375,21.10482788085939,-8.1773681640625,22.769500732421875,-10.594009399414062,0.37777845826024703,0.38382323799369245,0.2383983037460605,12.119224548339844,12.508197784423828,9.905609130859377,100.67121124267578,88.94905090332031,207.2783966064453,0.6609987616539001,3.0608506202697754,10.344355583190918,118.8847198486328,110.13587188720705,182.57080078125,0.7054104208946228,0.8321080803871155,8.835302352905273,207.2783966064453,181.6778717041016,135.07850646972656,49.58216857910156,-29.02561950683591,21.352371215820327,-14.559188842773438,-12.631591796874972,-10.346466064453125,-6.3818206787109375,-35.40109252929685,0.2475433349609375,0.395543209309643,0.3466904878216884,0.2577663028686687,10.344355583190918,9.528010368347168,8.789155960083008
single_TC60_OTC0_CTC0,R1,single,60,0,0,1,0,0,72.18159484863281,96.8653564453125,188.1510162353516,0.9564114212989808,3.724133253097534,16.175399780273438,96.19175720214844,142.5192413330078,180.50364685058597,1.1623684167861938,0.949227213859558,14.515024185180664,145.73890686035156,188.1510162353516,116.87039184570312,0.3233179630715627,0.4174081213422905,0.2592739155861468,15.12012004852295,16.175399780273438,12.384510040283203,169.68356323242188,18.91655731201172,149.12469482421875,12.16130256652832,1.7538620233535769,13.495607376098633,132.8216552734375,127.4996566772461,149.2462615966797,0.42978036403656,0.8715310096740723,13.07154369354248,141.576904296875,138.117431640625,149.12469482421875,-4.1620025634765625,-50.03358459472659,32.254302978515625,0.33015536657827305,0.322087924585074,0.34775670883665294,13.011926651000977,13.166465759277344,13.495607376098633,70.82453918457031,61.96875381469727,217.1622009277344,0.9318684339523317,4.1362810134887695,21.4909725189209,104.43458557128906,139.05477905273438,210.2079620361328,1.092922329902649,0.8500756621360779,19.141000747680664,183.54275512695312,217.1622009277344,164.7050323486328,37.80384826660156,29.011184692382812,47.83464050292969,41.965850830078125,79.0447692871094,15.580337524414062,0.3246188763754696,0.38407917331100894,0.2913019503135216,19.586217880249023,21.4909725189209,19.411563873291016,4.956064701080322,25.382413864135746,150.7806396484375,24.59440422058105,1.6198753118515017,13.05918312072754,133.2601318359375,130.18887329101562,148.19578552246094,0.5740274786949158,0.7167807221412659,12.128617286682127,135.87615966796875,136.4599609375,150.78013610839844,-9.862747192382812,-51.69105529785159,33.90974426269531,-5.70074462890625,-1.657470703125,1.6554412841796875,-47.666595458984375,-80.7022399902344,-13.924896240234375,0.32113197616950734,0.3225117418019256,0.35635628202856706,12.0975341796875,12.063474655151367,13.05877685546875
single_TC60_OTC0_CTC0,R2,single,60,0,0,1,0,0,72.57682800292969,96.16026306152344,190.0613250732422,0.824278712272644,4.399580955505371,16.41693687438965,96.432373046875,141.9724884033203,182.3178253173828,1.2312086820602417,0.973321259021759,14.757742881774902,148.5308074951172,190.0613250732422,118.6270523071289,0.32485690104094317,0.41568974216381677,0.2594533567952401,15.24340534210205,16.41693687438965,13.133282661437988,162.1620330810547,19.216064453125,149.93838500976562,38.0513801574707,2.376239776611328,13.511322021484377,132.8109130859375,127.81230926513672,149.865966796875,0.6956433057785034,1.0546960830688477,12.87310028076172,141.84466552734375,138.6940155029297,149.93838500976562,-6.6861419677734375,-51.3673095703125,31.31133270263672,0.32950574308678887,0.3221867700845871,0.34830748682862406,12.70710563659668,12.99790859222412,13.511322021484377,71.30636596679688,58.72146224975586,226.9005279541016,1.2779268026351929,6.66598653793335,20.330814361572266,104.96341705322266,138.48252868652344,219.2183532714844,2.0892672538757324,1.5790427923202517,18.41429901123047,194.4212646484375,226.9005279541016,175.0400390625,45.89045715332031,36.8392028808594,56.412986755371094,52.57659912109375,88.2065124511719,25.101654052734375,0.3260122535099444,0.3804745976458562,0.2935131488441994,21.088361740112305,20.330814361572266,20.5994930267334,11.818113327026367,26.566478729248047,140.9437713623047,41.18345260620117,2.2217555046081543,13.11503791809082,133.19515991210938,130.26597595214844,138.7313232421875,0.755841851234436,0.6437234878540039,12.215293884277344,126.3872299194336,126.97062683105467,140.9437713623047,-22.143577575683594,-63.090698242187514,22.31671905517578,-15.457435607910156,-11.723388671875014,-8.994613647460938,-68.0340347290039,-99.92990112304692,-34.09626770019531,0.320534385121229,0.32201395525238297,0.357451659626388,11.935474395751951,11.955334663391112,13.11503791809082
single_TC60_OTC0_CTC0,R3,single,60,0,0,1,0,0,71.86820983886719,92.53936004638672,198.3728790283203,0.845166027545929,3.70837664604187,18.43247604370117,96.13736724853516,142.6975860595703,189.8531188964844,1.618539571762085,0.9847761988639832,16.313138961791992,154.9508819580078,198.3728790283203,126.5860824584961,0.32287498177941143,0.41335447009043785,0.2637705481301507,16.4551944732666,18.43247604370117,13.983129501342772,163.69754028320312,19.099584579467773,149.52288818359375,33.40654373168945,2.5545976161956787,13.855228424072266,132.79623413085938,127.65396881103516,149.59613037109375,0.8011424541473389,1.0498648881912231,13.036725044250488,141.7621612548828,138.36929321289062,149.52288818359375,-13.188720703125,-60.00358581542969,22.936805725097656,0.32994467222204327,0.3220479335994216,0.34800739417853516,13.093827247619627,13.088257789611816,13.855228424072266,71.04723358154297,56.0521240234375,230.87939453125,1.8468132019042969,8.14404296875,19.375364303588867,105.60994720458984,138.44085693359375,223.08544921875,2.924656391143799,2.306890726089477,17.782852172851562,198.7730865478516,230.87939453125,180.5536346435547,43.82220458984378,32.50651550292969,53.967552185058594,57.01092529296878,92.51010131835938,31.030746459960938,0.32574745061748217,0.378362963894296,0.29588958548822186,21.51909637451172,19.375364303588867,21.172853469848636,16.485462188720703,24.24176979064941,152.07835388183594,48.89389801025391,2.192774772644043,13.077432632446287,133.08009338378906,130.12583923339844,149.85301208496094,0.7956985831260681,0.5901434421539307,12.16652488708496,137.7998809814453,138.29893493652344,152.07835388183594,-17.1510009765625,-60.073944091796875,25.492271423339844,-3.9622802734375,-0.0703582763671875,2.5554656982421875,-60.97320556640628,-92.58045959472656,-28.47528076171875,0.3218291181799207,0.3229946496240924,0.3551762321959869,11.91409683227539,12.18382740020752,13.077432632446287
ternary_TC18_OTC36_CTC6,R1,ternary,18,36,6,1,1,1,81.92999267578125,108.7134017944336,218.191162109375,0.4823643863201141,6.05468225479126,22.09271240234375,94.5671844482422,131.91307067871094,206.5494384765625,1.626536846160889,0.7445166707038879,19.342130661010746,192.8560028076172,218.191162109375,125.65347290039062,0.3593362653562528,0.40654164861197073,0.2341220860317765,20.86293601989746,22.09271240234375,17.544391632080078,104.03673553466795,47.66226196289063,204.7649688720703,0.8918704986572266,1.933021903038025,13.670818328857422,124.94157409667967,116.5353012084961,190.8168182373047,0.5753073692321777,0.580401599407196,12.012933731079102,204.7649688720703,186.6704864501953,166.57325744628906,11.908966064453125,-31.520675659179688,40.91978454589844,0.366956580043582,0.3345296985131855,0.2985137214432325,13.670818328857422,12.924351692199709,12.179072380065918,83.60831451416016,79.36687469482422,229.446044921875,0.610999345779419,3.451399326324463,15.963584899902344,102.77273559570312,128.3769989013672,219.9833526611328,0.7493913769721985,0.6519112586975098,14.056026458740234,214.59161376953125,229.446044921875,158.23719787597656,21.735610961914062,11.2548828125,32.58372497558594,9.826644897460938,42.77555847167969,-8.3360595703125,0.3563017971438803,0.3809656711050239,0.2627325317510958,15.499235153198242,15.963584899902344,13.914628028869627,104.22783660888672,53.46845626831055,201.8697967529297,0.9019264578819276,2.136239767074585,13.45447826385498,124.68270874023438,115.31747436523438,186.08181762695312,0.4760559499263763,0.6936452388763428,11.494739532470703,201.8697967529297,181.809814453125,159.62887573242188,9.0137939453125,-36.38134765625,33.97540283203125,-2.895172119140625,-4.8606719970703125,-6.9443817138671875,-12.721817016601562,-47.63623046875,1.3916778564453125,0.3715564943416559,0.33463459309759114,0.293808912560753,13.45447826385498,12.157706260681152,12.060870170593262
ternary_TC18_OTC36_CTC6,R2,ternary,18,36,6,1,1,1,81.83257293701172,109.32406616210938,217.6568298339844,0.5923455953598022,5.207185745239258,21.992395401000977,94.4305648803711,131.93524169921875,206.0384979248047,1.8385341167449951,0.8821951746940613,19.18070602416992,192.2389678955078,217.6568298339844,124.73123168945312,0.3595758488014365,0.4071190154200449,0.23330513577851866,20.81249046325684,21.992395401000977,16.564495086669922,104.3972396850586,45.21458435058594,207.7220001220703,1.2638022899627686,2.448383092880249,13.490877151489258,125.2253875732422,116.802001953125,194.0309295654297,0.7914173603057861,0.8038584589958191,11.982470512390137,207.7220001220703,189.92205810546875,170.9729766845703,15.4830322265625,-27.734771728515653,46.24174499511719,0.36531089884455836,0.3340069791170165,0.30068212203842515,13.490877151489258,12.976859092712402,12.408332824707031,83.3175048828125,78.66427612304688,231.4658050537109,0.891897976398468,4.221526622772217,15.58637237548828,102.61659240722656,128.6241455078125,221.7612152099609,1.1309471130371094,1.0378949642181396,13.76126766204834,215.8719482421875,231.4658050537109,160.2816925048828,23.632980346679688,13.808975219726506,35.55046081542969,8.149948120117188,41.54374694824216,-10.6912841796875,0.3552749171114661,0.3809387712216193,0.26378631166691463,15.535938262939451,15.58637237548828,14.089101791381836,103.65239715576172,53.558223724365234,202.06378173828125,1.1805702447891235,2.3982765674591064,13.005227088928224,124.33668518066406,115.5115737915039,186.6963806152344,0.7352229356765747,0.823978066444397,11.123891830444336,202.06378173828125,182.67752075195312,159.69854736328125,9.824813842773438,-34.97930908203128,34.967315673828125,-5.6582183837890625,-7.244537353515625,-11.274429321289062,-13.80816650390625,-48.788284301757784,-0.5831451416015625,0.3711406903676275,0.3355329717343495,0.29332633789802304,13.005227088928224,11.860724449157717,11.580022811889648
ternary_TC18_OTC36_CTC6,R3,ternary,18,36,6,1,1,1,81.93766021728516,112.42925262451172,200.3352508544922,0.6790052056312561,5.107666015625,20.617061614990234,95.9122543334961,131.7042236328125,190.93081665039065,1.820708394050598,0.98662269115448,18.184104919433597,176.5708465576172,200.3352508544922,112.35489654541016,0.3608929563940429,0.4094649958379606,0.22964204776799652,19.276769638061523,20.617061614990234,15.0728178024292,103.7682647705078,45.52936553955078,205.9481964111328,1.2836281061172483,2.5868139266967773,13.937585830688477,124.83110809326172,117.08641052246094,192.9237518310547,0.8661653399467468,0.9070765972137452,12.330914497375488,205.9481964111328,188.93304443359372,169.2551727294922,29.377349853515625,-11.402206420898466,56.90027618408203,0.36506807831513594,0.33490666421719534,0.30002525746766867,13.937585830688477,13.307209968566896,12.697646141052246,83.3175048828125,78.66427612304688,231.4658050537109,0.891897976398468,4.221526622772217,15.58637237548828,102.61659240722656,128.6241455078125,221.7612152099609,1.1309471130371094,1.0378949642181396,13.76126766204834,215.8719482421875,231.4658050537109,160.2816925048828,39.30110168457031,31.13055419921872,47.926795959472656,9.923751831054688,42.53276062011719,-8.973480224609375,0.3552749171114661,0.3809387712216193,0.26378631166691463,15.535938262939451,15.58637237548828,14.089101791381836,103.72562408447266,52.92869186401367,199.68722534179688,1.2907328605651855,2.361600875854492,12.93743133544922,124.43612670898438,115.79071044921876,184.8816375732422,0.8224405646324158,0.9087661504745485,11.223026275634766,199.68722534179688,180.6604766845703,158.31320190429688,23.116378784179688,-19.674774169921875,45.95830535888672,-6.2609710693359375,-8.272567749023409,-10.941970825195312,-16.184722900390625,-50.8053283691406,-1.9684906005859375,0.3707104486044163,0.3353881363326579,0.2939014150629258,12.93743133544922,11.973407745361328,11.447360038757324
ternary_TC18_OTC6_CTC36,R1,ternary,18,6,36,1,1,1,101.57410430908205,152.60423278808594,225.7996368408203,0.9219318628311156,8.239583969116211,19.50539779663086,118.21295166015624,94.17940521240234,173.14089965820312,2.806326389312744,2.023312568664551,18.329710006713867,225.7996368408203,173.6271514892578,91.24707794189452,0.4601827249459893,0.353854491596296,0.18596278345771472,19.50539779663086,20.532310485839844,14.762247085571287,146.40289306640625,6.195189476013184,163.20703125,9.232502937316896,1.587470769882202,12.49775218963623,129.8241729736328,126.92092895507812,168.22183227539062,0.9338544607162476,0.3279672861099243,11.715063095092772,162.79542541503906,159.22134399414062,162.54185485839844,-63.00421142578125,-14.405807495117188,71.29477691650392,0.33596641822464357,0.32859046567338984,0.33544311610196664,12.381967544555664,12.021533012390137,12.59301471710205,81.22672271728516,61.71769714355469,227.15892028808597,0.8745105862617493,3.881953716278076,18.73573875427246,107.26810455322266,130.00083923339844,220.0491485595703,1.0762523412704468,0.911048710346222,16.691936492919922,211.11639404296875,227.15892028808597,172.3988800048828,-14.683242797851562,53.53176879882815,81.1518020629883,48.32096862792969,67.93757629394534,9.857025146484375,0.3457103575050228,0.3719805460833404,0.2823090964116368,18.65978240966797,18.73573875427246,17.200822830200195,131.80523681640625,7.545024871826172,171.28233337402344,2.561073541641236,0.9837971329689026,13.51433563232422,129.8928680419922,125.95994567871094,174.7268829345703,0.3478364944458008,0.3370209336280823,12.806138038635254,171.28233337402344,166.24240112304688,168.22531127929688,-54.517303466796875,-7.3847503662109375,76.97823333740236,8.486907958984375,7.02105712890625,5.6834564208984375,-39.83406066894531,-60.91651916503909,-4.1735687255859375,0.33866993152930164,0.3287046684649358,0.3326254000057626,13.51433563232422,13.349713325500488,13.445479393005373
ternary_TC18_OTC6_CTC36,R2,ternary,18,6,36,1,1,1,101.52531433105467,153.28152465820312,226.0512237548828,1.0017986297607422,8.65550422668457,19.428077697753903,117.97418975830078,94.25688934326172,173.46237182617188,2.905374526977539,2.232365131378174,18.175493240356445,226.0512237548828,174.08338928222656,90.78504180908205,0.46046480625369596,0.3546066806731707,0.1849285130731334,19.428077697753903,20.340076446533203,15.065052032470703,144.46868896484375,6.500401973724365,163.12371826171875,20.953277587890625,2.2246015071868896,13.026845932006836,129.91738891601562,126.82081604003906,167.9438018798828,1.0708414316177368,0.6988179683685303,12.041448593139648,162.5927734375,158.9275360107422,162.36697387695312,-63.45845031738281,-15.155853271484375,71.58193206787108,0.336013735100019,0.32843916649062943,0.33554709840935165,12.930745124816896,12.309101104736328,13.082807540893556,81.46170043945312,60.46924209594727,227.2116851806641,1.249451756477356,4.425643444061279,18.41799545288086,107.77230072021484,129.77415466308594,220.32760620117188,1.3015090227127075,1.185993194580078,16.43315315246582,211.93087768554688,227.2116851806641,173.5726776123047,-14.120346069335938,53.12829589843753,82.78763580322264,49.338104248046875,68.2841491699219,11.205703735351562,0.34588804665611717,0.37082753972827137,0.2832844136156115,18.435945510864254,18.41799545288086,17.316450119018555,132.69381713867188,7.353694915771484,172.2006378173828,9.908539772033691,1.9405529499053955,13.315936088562012,129.75457763671875,126.02042388916016,175.76974487304688,0.6874690651893616,0.6530894041061401,12.58206844329834,172.17837524414062,167.28741455078125,169.383056640625,-53.87284851074219,-6.7959747314453125,78.59801483154295,9.585601806640625,8.359878540039062,7.016082763671875,-39.75250244140625,-59.92427062988284,-4.1896209716796875,0.3383684102857636,0.3287565958390566,0.3328749938751799,13.326423645019531,13.209183692932127,13.252442359924316
ternary_TC18_OTC6_CTC36,R3,ternary,18,6,36,1,1,1,101.55441284179688,152.558349609375,226.34011840820312,0.989434540271759,9.704752922058104,19.49817276000977,118.0347671508789,94.2880630493164,173.80905151367188,2.807506561279297,2.385725736618042,18.555042266845703,226.34011840820312,174.417724609375,91.60186004638672,0.45970479915330964,0.35424857786689246,0.1860466229797979,19.49817276000977,20.730905532836918,16.003385543823242,141.7772674560547,5.615201950073242,162.75128173828125,16.28651237487793,1.7668519020080566,12.924365997314451,129.45545959472656,126.90457916259766,167.9393310546875,0.865321159362793,0.5173571109771729,12.125304222106934,162.4840545654297,159.14434814453125,161.7938232421875,-63.85606384277344,-15.27337646484375,70.19196319580078,0.3361120896859905,0.32920362283939375,0.33468428747461576,12.76996898651123,12.454475402832031,12.95340633392334,81.7494888305664,66.114990234375,193.5601959228516,1.0613582134246826,2.9857048988342285,14.32663917541504,108.70743560791016,129.61793518066406,190.1503448486328,0.9501149654388428,0.7387157678604126,12.96868133544922,179.70675659179688,193.5601959228516,143.50146484375,-46.63336181640625,19.14247131347659,51.89960479736328,17.222702026367188,34.41584777832034,-18.2923583984375,0.3477510439016699,0.3745588728357025,0.2776900832626277,13.460185050964355,14.32663917541504,12.428980827331545,133.53797912597656,6.937086582183838,172.4072723388672,15.796255111694336,2.0805764198303223,13.342570304870604,129.7228240966797,126.18824768066406,176.1980743408203,0.7677550315856934,0.7141361236572266,12.433481216430664,172.34942626953125,167.74952697753906,169.96885681152344,-53.990692138671875,-6.6681976318359375,78.36699676513672,9.865371704101562,8.605178833007812,8.175033569335938,-7.357330322265625,-25.81066894531253,26.467391967773438,0.3378951246692723,0.3288769133623016,0.333227961968426,13.352182388305664,12.99524974822998,13.283769607543944
ternary_TC20_OTC20_CTC20,R1,ternary,20,20,20,1,1,1,96.97134399414062,143.52438354492188,201.07704162597656,0.4378464818000793,6.432753086090088,19.71196746826172,109.2348861694336,106.88184356689452,171.5682830810547,1.4302717447280884,0.9635276794433594,16.927202224731445,201.07704162597656,175.13723754882812,88.35543823242188,0.4328242545557894,0.37698806225742126,0.19018768318678939,19.71196746826172,18.653112411499023,13.340270042419434,13.843770027160645,0.9564440250396729,155.032470703125,27.57393455505371,1.5263208150863647,15.493541717529297,127.91020965576172,128.21885681152344,163.125244140625,0.3258156478404999,0.4398317337036133,14.77430534362793,154.48501586914062,154.99111938476562,154.86134338378906,-46.59202575683594,-20.1461181640625,66.50590515136719,0.3326998637335483,0.3337898113231976,0.33351032494325406,15.059691429138184,15.44541358947754,15.409174919128418,82.95362854003906,68.75476837158203,230.65249633789065,1.0743755102157593,4.681587219238281,17.228193283081055,105.32975006103516,128.90966796875,222.2960205078125,1.2053672075271606,1.1181272268295288,15.398690223693848,215.76242065429688,230.65249633789065,168.6966552734375,14.685379028320312,55.51525878906253,80.34121704101562,61.27740478515625,75.66137695312503,13.835311889648438,0.3507695682908136,0.3749766818535605,0.27425374985562595,17.954944610595703,17.228193283081055,16.284133911132812,105.59832000732422,28.563507080078125,188.5727081298828,1.137913703918457,2.046046495437622,13.903519630432127,126.74851989746094,121.36929321289062,183.50701904296875,0.5814402103424072,0.574992835521698,12.798078536987305,188.5727081298828,177.49732971191406,167.51683044433594,-12.50433349609375,2.3600921630859375,79.16139221191406,34.08769226074219,22.506210327148438,12.655487060546875,-27.189712524414062,-53.15516662597659,-1.1798248291015625,0.3534058263757005,0.3326493590107097,0.3139448146135898,13.903519630432127,13.61904525756836,13.289697647094728
ternary_TC20_OTC20_CTC20,R2,ternary,20,20,20,1,1,1,96.92564392089844,141.52037048339844,202.1317138671875,0.5589127540588379,7.179335117340088,20.181041717529297,109.24053955078124,107.15266418457033,172.94931030273438,1.4089363813400269,1.2227802276611328,17.187191009521484,202.1317138671875,176.58062744140625,90.47953033447266,0.4308082174555603,0.37635056810135536,0.1928412144430843,20.181041717529297,18.85818672180176,14.372568130493164,30.955076217651367,2.427293062210083,155.20654296875,45.8291015625,2.399296998977661,16.021774291992188,127.97224426269533,128.48558044433594,162.94703674316406,0.5697592496871948,0.6973918080329895,15.14963150024414,153.8245391845703,154.7658233642578,154.9952850341797,-48.30717468261719,-21.814804077148438,64.51575469970703,0.33181471425304876,0.33384515713797214,0.3343401286089791,15.259469032287598,15.816472053527832,15.96664333343506,83.12223815917969,65.9405746459961,235.1639709472656,1.6289719343185425,6.351328372955322,15.569953918457031,106.01321411132812,128.79293823242188,226.60137939453125,2.048764228820801,1.5673747062683103,14.132278442382812,220.89761352539065,235.1639709472656,174.6063232421875,18.765899658203153,58.58334350585935,84.12679290771484,67.07307434082034,80.39814758300778,19.611038208007812,0.3502597973088388,0.37288082693054186,0.2768593757606193,17.172317504882812,15.569953918457031,16.39381980895996,104.86936950683594,28.943437576293945,188.6043701171875,2.086267471313477,2.556869506835937,13.563030242919922,126.3796157836914,121.44029235839844,183.77474975585935,0.9579309821128844,0.8700628280639648,12.441375732421877,188.6043701171875,177.9327850341797,167.25022888183594,-13.52734375,1.3521575927734375,76.77069854736328,34.77983093261719,23.166961669921875,12.25494384765625,-32.29324340820315,-57.23118591308591,-7.3560943603515625,0.3533323861874108,0.3333401844190303,0.31332742939355884,13.563030242919922,13.29242706298828,12.954240798950195
ternary_TC20_OTC20_CTC20,R3,ternary,20,20,20,1,1,1,96.87986755371094,142.10064697265625,204.5443572998047,0.5626842975616455,6.668820381164551,20.35978889465332,109.00066375732422,106.8786392211914,174.7305145263672,1.5602015256881714,1.1625319719314575,17.363523483276367,204.5443572998047,178.60565185546875,91.0422821044922,0.43135318956029584,0.3766523731985921,0.19199443724111206,20.35978889465332,19.184757232666016,14.009706497192385,39.64239501953125,2.505850076675415,153.1041259765625,45.300086975097656,2.47676157951355,15.12344741821289,127.6194305419922,128.3144073486328,160.92332458496094,0.8082178235054016,0.6749154925346375,14.426949501037598,151.93296813964844,152.8520050048828,152.18515014648438,-52.61138916015625,-25.753646850585938,61.14286804199217,0.33247899675684456,0.33449014982439224,0.3330308534187632,14.465738296508787,15.107845306396484,14.722262382507324,83.2697525024414,63.41476058959961,237.6952209472656,2.068129539489746,8.02751636505127,14.985793113708496,106.70972442626952,128.6978759765625,229.1607818603516,2.692180633544922,1.8255149126052856,13.82314682006836,224.0563201904297,237.6949615478516,178.87722778320312,19.511962890625,59.08930969238284,87.83494567871092,72.12335205078125,84.84295654296878,26.69207763671875,0.3497445350313677,0.3710340049108916,0.27922146005774073,17.476409912109375,14.985485076904297,17.434215545654297,105.55349731445312,28.533571243286133,187.73336791992188,2.2116854190826416,2.529232978820801,13.72568130493164,126.6669464111328,121.33069610595705,182.8352203369141,0.9522325992584229,0.8780286312103271,12.573871612548828,187.73336791992188,176.79615783691406,166.78517150878906,-16.810989379882812,-1.8094940185546875,75.74288940429686,35.80039978027344,23.94415283203125,14.600021362304688,-36.32295227050781,-60.89880371093753,-12.092056274414062,0.35333742673801216,0.33275224409711135,0.31391032916487654,13.72568130493164,13.37925624847412,13.103991508483888
ternary_TC36_OTC18_CTC6,R1,ternary,36,18,6,1,1,1,83.47037506103516,105.51641845703124,190.27224731445312,0.5445733666419983,3.884005308151245,19.292205810546875,99.68830871582033,129.08575439453125,183.1409149169922,1.7416703701019287,0.6527554988861084,17.168691635131836,173.18519592285156,190.27224731445312,111.78485870361328,0.36441452121486845,0.4003689203115335,0.23521655847359807,17.92333984375,19.292205810546875,13.881052017211914,111.64434051513672,21.577051162719727,158.3461456298828,1.3908743858337402,1.9630465507507324,11.368160247802734,128.49481201171875,122.72176361083984,157.1256866455078,0.5862007141113281,0.4981383383274078,10.783578872680664,158.3461456298828,148.8112335205078,144.9991912841797,-14.83905029296875,-41.46101379394531,33.214332580566406,0.3502020228915294,0.3291143892423911,0.3206835878660795,11.368160247802734,11.194796562194824,11.09986972808838,77.65363311767578,65.84246063232422,225.44406127929688,0.6769397854804993,2.936295986175537,15.807940483093262,104.6848602294922,133.93222045898438,217.54905700683597,0.8131706118583679,0.4124726057052612,13.97292137145996,201.342529296875,225.44406127929688,167.36358642578125,28.157333374023438,35.17181396484375,55.57872772216797,42.99638366699219,76.63282775878906,22.364395141601562,0.3388748116054388,0.3794395255705794,0.2816856628239818,14.885826110839844,15.807940483093262,14.012314796447754,110.70447540283205,22.808406829833984,176.0534210205078,1.92237389087677,1.8915891647338867,12.79568099975586,128.5709991455078,121.97319793701172,172.87522888183594,0.6420919299125671,0.2536880373954773,12.230169296264648,176.0534210205078,165.35205078125,160.3618621826172,2.86822509765625,-24.920196533203125,48.577003479003906,17.707275390625,16.540817260742188,15.3626708984375,-25.289108276367188,-60.092010498046875,-7.0017242431640625,0.35086664494980874,0.3295392895911376,0.31959406545905367,12.79568099975586,12.800763130187988,12.551092147827148
ternary_TC36_OTC18_CTC6,R2,ternary,36,18,6,1,1,1,83.80685424804688,105.36112213134766,190.3065185546875,0.7004789113998413,4.60994291305542,19.31977844238281,100.04206848144533,128.52786254882812,183.27728271484372,1.600871443748474,0.9472380876541138,17.21491813659668,174.30206298828125,190.3065185546875,111.9569854736328,0.3657462373529166,0.3993291411002382,0.23492462154684515,18.31168556213379,19.31977844238281,14.335331916809082,110.40985107421876,20.210678100585938,159.69818115234375,3.36808443069458,2.4272937774658203,11.401947021484377,128.14077758789062,123.1200942993164,159.285888671875,0.839333713054657,0.6687382459640503,10.964378356933594,159.69818115234375,151.17147827148438,147.0883331298828,-14.6038818359375,-39.135040283203125,35.131347656250014,0.3487179692220652,0.3300990063051568,0.32118302447277797,11.401947021484377,11.41230583190918,11.21962833404541,78.71939086914062,71.63973236083984,205.92942810058597,0.8410260677337646,3.026712417602539,13.230308532714844,104.84876251220705,133.18576049804688,199.9919891357422,0.9999457001686096,0.7934743165969849,11.814488410949709,183.7075653076172,205.92942810058597,148.17889404296875,9.405502319335938,15.622909545898466,36.22190856933595,24.009384155273438,54.75794982910159,1.0905609130859375,0.3415807706578693,0.3828994882924172,0.27551974104971355,12.3003568649292,13.230308532714844,11.388193130493164,110.28829193115234,21.897350311279297,174.41891479492188,3.0536446571350098,2.403672933578491,12.798717498779297,128.28897094726562,122.2919921875,171.94454956054688,0.9379394054412842,0.7212246656417847,12.1030855178833,174.41891479492188,164.42791748046875,159.48065185546875,0.116851806640625,-25.87860107421875,47.52366638183595,14.720733642578125,13.256439208984375,12.392318725585938,-9.288650512695312,-41.501510620117216,11.3017578125,0.35000861953084644,0.3299595601620288,0.32003182030712474,12.798717498779297,12.745595932006836,12.348855018615724
ternary_TC36_OTC18_CTC6,R3,ternary,36,18,6,1,1,1,83.54515075683594,107.50428771972656,190.40435791015625,0.6834498047828674,3.892358541488648,19.031944274902344,99.397705078125,128.97378540039062,183.113037109375,1.672455906867981,0.9380351901054382,16.91849136352539,173.35491943359375,190.40435791015625,110.36060333251952,0.3656352042996506,0.4015953889943816,0.23276940670596782,18.315298080444336,19.031944274902344,13.429511070251465,110.66362762451172,20.927690505981445,159.6884307861328,3.564403772354126,2.6394429206848145,11.503559112548828,128.24229431152344,122.91349029541016,158.9158477783203,0.9221416115760804,0.7862426042556763,10.912724494934082,159.68836975097656,150.7716522216797,146.62542724609375,-13.666549682617188,-39.63270568847656,36.26482391357423,0.3493621816750364,0.32985441229725965,0.320783406027704,11.503530502319336,11.373332977294922,11.075189590454102,78.71939086914062,71.63973236083984,205.92942810058597,0.8410260677337646,3.026712417602539,13.230308532714844,104.84876251220705,133.18576049804688,199.9919891357422,0.9999457001686096,0.7934743165969849,11.814488410949709,183.7075653076172,205.92942810058597,148.17889404296875,10.352645874023438,15.525070190429716,37.81829071044923,24.019195556640625,55.15777587890628,1.553466796875,0.3415807706578693,0.3828994882924172,0.27551974104971355,12.3003568649292,13.230308532714844,11.388193130493164,109.5821762084961,22.720064163208008,175.4423370361328,3.09680724143982,2.6371004581451416,12.509703636169434,128.12477111816406,122.18378448486328,172.77969360351562,0.9624131321907043,0.6524779200553894,12.01408863067627,175.4423370361328,165.41598510742188,159.87510681152344,2.0874176025390625,-24.988372802734375,49.51450347900392,15.75396728515625,14.644332885742188,13.249679565429688,-8.265228271484375,-40.51344299316409,11.696212768554688,0.3503707299954845,0.3303473975216895,0.31928187248282597,12.509703636169434,12.638967514038086,12.48344612121582
ternary_TC36_OTC6_CTC18,R1,ternary,36,6,18,1,1,1,98.8961944580078,151.06356811523438,163.72479248046875,0.4530157148838043,6.528205394744873,14.071277618408203,115.34819793701172,106.27117919921876,135.4054412841797,1.0521626472473145,0.9106285572052002,12.374027252197266,163.72479248046875,134.81698608398438,67.0509262084961,0.44783386085931276,0.3687627907337819,0.18340334840690534,14.071277618408203,12.913363456726074,9.524496078491213,142.7889862060547,8.286054611206055,151.65721130371094,7.960579395294189,1.844478964805603,11.975947380065918,130.28147888183594,126.18319702148438,156.20217895507812,0.8210198283195496,0.7266224026679993,11.435460090637209,151.48280334472656,146.7270050048828,150.3559112548828,-12.241989135742188,11.910018920898438,83.30498504638672,0.3377048149784862,0.3271025818340609,0.3351926031874529,12.004718780517578,11.530179977416992,11.90664291381836,76.7275390625,64.98519897460938,213.9109344482422,0.474755585193634,3.178753137588501,20.045692443847656,105.51016235351562,134.29078674316406,207.55450439453125,0.8551719784736633,0.6249871253967285,17.7813663482666,189.38986206054688,213.9109344482422,159.63107299804688,25.665069580078125,79.09394836425781,92.58014678955078,37.90705871582031,67.18392944335938,9.275161743164062,0.33643478424212225,0.37999435817276034,0.2835708575851174,18.21372604370117,20.045692443847656,17.39320945739746,141.95358276367188,8.310442924499512,166.54469299316406,6.698472023010254,1.4752039909362793,13.45528793334961,130.55381774902344,125.9765167236328,170.25970458984375,0.7030866742134094,0.5843788981437683,12.734039306640623,166.4837188720703,161.10597229003906,165.10546875,2.7589263916015625,26.288986206054688,98.0545425415039,15.00091552734375,14.37896728515625,14.749557495117188,-22.906143188476562,-52.804962158203125,5.474395751953125,0.3379041087023646,0.3269891515045091,0.33510673979312633,13.454257011413574,13.107444763183594,13.746283531188965
ternary_TC36_OTC6_CTC18,R2,ternary,36,6,18,1,1,1,98.72369384765624,152.9501953125,162.75802612304688,0.5807628631591797,7.722063064575195,13.844205856323242,114.97621154785156,106.43988800048828,134.8733367919922,1.1721125841140747,1.1459285020828247,12.255331039428713,162.75802612304688,134.3877410888672,65.5146484375,0.448789057475702,0.3705608202323923,0.1806501222919057,13.844205856323242,12.785837173461914,10.085567474365234,144.80015563964844,8.854305267333984,152.16217041015625,14.438905715942385,2.371690511703491,11.94082260131836,130.5299835205078,126.09203338623048,156.50308227539062,0.9228590130805968,0.93259459733963,11.430243492126465,151.8300018310547,146.8829803466797,151.0795135498047,-10.928024291992188,12.4952392578125,85.56486511230469,0.3375556579383784,0.32655720524882603,0.3358871368127956,11.960865020751951,11.582626342773438,12.011358261108398,76.72428894042969,63.22945022583008,221.29983520507807,0.7532985210418701,3.746706962585449,20.070661544799805,105.54357147216795,134.26699829101562,214.23013305664065,1.070118069648743,0.8293774127960205,17.77276039123535,196.8160095214844,221.29983520507807,166.65142822265625,34.05798339843753,86.91209411621088,101.13677978515625,44.986007690429716,74.41685485839838,15.571914672851562,0.3365715193479645,0.3784408694573025,0.284987611194733,18.73312187194824,20.070661544799805,17.802265167236328,143.30372619628906,9.128311157226562,166.26718139648438,11.076443672180176,2.2460122108459477,13.146245002746582,130.7863006591797,125.77092742919922,169.65835571289062,0.9224227070808412,0.8358331918716431,12.436334609985352,166.06365966796875,160.32846069335938,164.8961181640625,3.305633544921875,25.940719604492188,99.3814697265625,14.233657836914062,13.445480346679688,13.816604614257812,-30.752349853515653,-60.97137451171869,-1.75531005859375,0.33801676214845167,0.32634296553605224,0.3356402723154961,13.15607452392578,12.865650177001951,13.290699005126951
ternary_TC36_OTC6_CTC18,R3,ternary,36,6,18,1,1,1,98.7108917236328,152.396728515625,164.3082733154297,0.5998603105545044,8.615425109863281,13.862446784973145,114.86849975585938,106.38026428222656,136.245361328125,1.1157922744750977,1.199162840843201,12.203059196472168,164.3082733154297,135.832275390625,66.55128479003906,0.44808271771119224,0.3704262352820355,0.18149104700677227,13.862446784973145,12.638957023620604,10.78911304473877,146.19435119628906,9.162891387939451,152.49716186523438,16.210098266601562,2.4074528217315674,12.048385620117188,130.71189880371094,126.06242370605467,156.75172424316406,0.9432902336120604,0.94827538728714,11.419967651367188,152.06199645996094,147.01507568359375,151.65562438964844,-12.24627685546875,11.18280029296875,85.10433959960938,0.33736624307386875,0.3261690949300012,0.33646466199613,12.11085319519043,11.541274070739746,12.091387748718262,76.48363494873047,62.17778396606445,222.8166961669922,0.9095346927642822,4.040468692779541,20.005590438842773,105.68698120117188,134.39854431152344,215.68084716796875,1.1021482944488523,0.8947349786758423,17.78174591064453,198.1017608642578,222.8166961669922,168.74024963378906,33.793487548828125,86.98442077636719,102.18896484375,46.039764404296875,75.80162048339844,17.084625244140625,0.33596003692487036,0.3778740034675096,0.2861659596076201,18.963106155395508,20.005590438842773,18.1190128326416,141.7226104736328,8.650630950927734,166.37205505371094,15.202888488769531,2.4765782356262207,13.59737777709961,130.52186584472656,125.89647674560548,169.93402099609375,0.931413233280182,0.943084180355072,12.819101333618164,166.145751953125,160.74134826660156,164.7928924560547,1.8374786376953125,24.909072875976562,98.24160766601562,14.083755493164062,13.726272583007812,13.13726806640625,-31.956008911132812,-62.075347900390625,-3.947357177734375,0.33791440454784416,0.32692269496634985,0.335162900485806,13.667049407958984,13.378423690795898,13.330991744995115
ternary_TC48_OTC6_CTC6,R1,ternary,48,6,6,1,1,1,85.10098266601562,108.57862091064452,172.39559936523438,0.3271848261356354,5.189652919769287,15.446184158325195,102.36742401123048,126.8065414428711,167.49066162109375,1.075149416923523,0.4802955687046051,14.150550842285156,160.81541442871094,172.39559936523438,99.28021240234376,0.371835090952166,0.39861062820033133,0.2295542808475027,15.09725856781006,15.446184158325195,12.096394538879396,141.3654022216797,10.516888618469238,147.69400024414062,5.934507369995117,1.6467041969299316,13.103801727294922,130.75613403320312,125.4322280883789,151.4686279296875,0.5834147334098816,0.6387795805931091,12.570500373840332,147.65455627441406,141.60678100585938,145.9388885498047,-13.160858154296875,-30.788818359375,46.65867614746092,0.3392795947952129,0.32538305956934194,0.33533734563544515,13.127049446105955,12.625216484069824,13.223795890808104,88.84093475341797,28.98685073852539,178.46853637695312,1.0061126947402954,2.2599692344665527,16.425844192504883,120.93791198730467,126.0022430419922,181.61593627929688,0.4937056303024292,0.3162031769752502,15.397537231445312,177.42665100097656,178.41639709472656,158.29119873046875,16.611236572265625,6.0207977294921875,59.010986328124986,29.7720947265625,36.80961608886719,12.352310180664062,0.34509790409072727,0.3470229773568243,0.3078791185524484,16.203144073486328,16.40866470336914,15.897908210754396,155.70631408691406,8.12631893157959,163.37925720214844,5.171167373657227,1.2984963655471802,14.628643989562988,130.76513671875,126.89381408691406,167.60940551757812,0.583250105381012,0.3966653347015381,13.80101490020752,162.20758056640625,158.17526245117188,163.2813262939453,1.3921661376953125,-14.2203369140625,64.00111389160155,14.553024291992188,16.5684814453125,17.342437744140625,-15.219070434570312,-20.241134643554688,4.9901275634765625,0.3353723324125958,0.3270353118700689,0.3375923557173353,14.43509292602539,14.297115325927734,14.705678939819336
ternary_TC48_OTC6_CTC6,R2,ternary,48,6,6,1,1,1,85.00276947021484,107.79108428955078,173.9699249267578,0.6052464246749878,5.516117095947266,16.072494506835938,102.22644805908205,127.0143051147461,168.90328979492188,1.1618565320968628,0.7439731359481812,14.683982849121094,161.96014404296875,173.9699249267578,100.73590850830078,0.37090167862028695,0.39840503702973246,0.2306932843499806,15.712936401367188,16.072494506835938,12.692498207092283,133.97396850585938,9.10372543334961,147.68402099609375,8.219983100891113,2.2244515419006348,12.955605506896973,129.98165893554688,125.82512664794922,151.76422119140625,0.6603802442550659,0.7369616031646729,12.293359756469728,147.65960693359375,142.4089813232422,144.84222412109375,-14.300537109375,-31.560943603515625,44.10631561279297,0.33951698309418027,0.3274441041017195,0.3330389128041003,12.975839614868164,12.432629585266112,12.709354400634766,88.68123626708984,28.410863876342773,181.23175048828125,1.7779667377471924,2.5083956718444824,16.032672882080078,120.99440002441406,126.12635803222656,184.17872619628903,0.6899815201759338,0.6018219590187073,14.96790599822998,180.0695037841797,181.0936584472656,161.12948608398438,18.109359741210938,7.123733520507784,60.393577575683594,32.40989685058594,38.68467712402341,16.287261962890625,0.3447674486036989,0.34672833138921993,0.3085042200070811,15.906011581420898,16.022268295288086,15.45521640777588,152.80465698242188,7.894675731658935,163.661376953125,19.812833786010746,2.1321256160736084,14.863872528076172,130.51939392089844,126.9490203857422,167.89846801757812,0.944032907485962,0.6975129246711731,13.876175880432127,162.3149871826172,158.5868377685547,163.39015197753906,0.3548431396484375,-15.383087158203125,62.65424346923828,14.655380249023438,16.1778564453125,18.547927856445312,-17.7545166015625,-22.50682067871091,2.2606658935546875,0.3351593561635864,0.32746121208590473,0.3373794317505089,14.4854154586792,14.299764633178713,15.035198211669922
ternary_TC48_OTC6_CTC6,R3,ternary,48,6,6,1,1,1,85.1241226196289,105.27116394042967,173.5891876220703,0.6851157546043396,5.985527038574219,15.696203231811523,102.91451263427734,126.79657745361328,168.81321716308594,1.0958328247070312,0.8212696313858032,14.417850494384766,162.3259735107422,173.5891876220703,102.23179626464844,0.37048294132849513,0.3961894170238423,0.23332764164766256,15.644566535949709,15.696203231811523,12.840812683105469,138.33889770507812,9.51578140258789,147.64308166503906,11.946369171142578,2.4795546531677246,12.846660614013672,130.38392639160156,125.7377700805664,151.78533935546875,0.9118120074272156,0.7855627536773682,12.431081771850586,147.5877685546875,142.15338134765625,145.66448974609375,-14.738204956054688,-31.435806274414062,43.43269348144531,0.3389661389637839,0.3264849335953391,0.334548927440877,12.855026245117188,12.57779026031494,13.01240062713623,88.29703521728516,29.247190475463867,180.5948486328125,1.713131070137024,2.5424673557281494,16.088319778442383,120.7556381225586,126.18680572509766,183.4852600097656,0.6853286027908325,0.6148021221160889,15.056856155395508,179.19027709960938,180.48358154296875,159.97988891601562,16.864303588867188,6.8943939208984375,57.74809265136719,31.602508544921875,38.3302001953125,14.315399169921875,0.3448262962433552,0.3473150773777846,0.30785862637886013,15.865949630737305,16.092931747436523,15.521949768066406,152.99510192871094,7.748271465301514,163.0326690673828,19.03969955444336,2.036302089691162,14.736485481262209,130.52731323242188,126.94713592529295,167.39393615722656,0.9132120013237,0.649246871471405,13.778162956237791,161.79116821289062,158.0669403076172,162.7981414794922,-0.5348052978515625,-15.522247314453125,60.56634521484375,14.203399658203125,15.913558959960938,17.133651733398438,-17.39910888671875,-22.416641235351562,2.8182525634765625,0.33520993090401424,0.3274938225861929,0.33729624650979284,14.332307815551758,14.223274230957031,14.88892650604248
ternary_TC6_OTC18_CTC36,R1,ternary,6,18,36,1,1,1,101.25194549560548,163.60894775390625,224.69989013671875,0.9684834480285645,9.112706184387209,19.819833755493164,117.43289184570312,93.00738525390624,170.2841796875,2.870146989822388,1.97361159324646,18.455087661743164,224.69989013671875,171.15341186523438,81.19869232177734,0.47101760984199137,0.3587730769428219,0.17020931321518679,19.819833755493164,20.66036033630371,14.91181182861328,106.04641723632812,27.20772933959961,162.77044677734375,1.7357069253921509,1.987141728401184,9.95725917816162,127.13673400878906,122.12322235107422,160.87672424316406,0.6111393570899963,0.4110111594200134,9.776391983032228,162.77044677734375,153.58062744140625,145.4623565673828,-61.929443359375,-17.572784423828125,64.26366424560547,0.35245931782508777,0.33255989800896435,0.3149807841659479,9.95725917816162,10.194116592407228,9.813411712646484,86.02352142333984,70.61689758300781,207.3957061767578,0.7423433065414429,2.99659276008606,16.486019134521484,107.98240661621094,125.912109375,202.30763244628903,0.8333306312561035,0.6904277801513672,14.780877113342283,199.91033935546875,207.3957061767578,150.15277099609375,-24.78955078125,36.24229431152344,68.9540786743164,37.139892578125,53.81507873535156,4.6904144287109375,0.35861005948465935,0.37203771835263744,0.2693522221627032,16.127853393554688,16.486019134521484,14.14521026611328,105.0882797241211,25.30571174621582,183.51808166503903,0.7352875471115112,1.7903269529342651,12.430630683898926,126.9430694580078,121.978515625,180.61358642578125,0.3141884505748749,0.2069049477577209,11.700629234313965,183.51808166503903,174.390869140625,165.4072265625,-41.181808471679716,3.237457275390625,84.20853424072266,20.747634887695284,20.81024169921875,19.944869995117188,-16.392257690429716,-33.00483703613281,15.25445556640625,0.35068298975196815,0.33324188450978715,0.31607512573824464,12.430630683898926,12.352267265319824,12.41157054901123
ternary_TC6_OTC18_CTC36,R2,ternary,6,18,36,1,1,1,101.2380142211914,160.9442901611328,226.66148376464844,1.0351287126541138,9.512069702148438,19.135873794555664,117.46490478515624,93.15908813476562,172.32000732421875,3.043555498123169,2.4570093154907227,18.343076705932617,226.66148376464844,173.2529754638672,84.220947265625,0.4681778707449104,0.3578605760699802,0.1739615531851094,19.135873794555664,20.631010055541992,15.045729637145996,105.79180908203124,26.76973533630371,166.6531524658203,2.54079532623291,2.437270402908325,10.464103698730469,126.98104095458984,122.12328338623048,164.61251831054688,0.8666707277297974,0.6899562478065491,10.101523399353027,166.6531524658203,157.50865173339844,149.21681213378906,-60.008331298828125,-15.74432373046875,64.99586486816406,0.3520504448569869,0.33273292518687786,0.3152166299561353,10.464103698730469,10.60158348083496,10.27833652496338,85.9134292602539,70.78882598876953,199.93753051757807,0.9395040273666382,3.0475528240203857,15.88720417022705,108.51602172851562,126.0190200805664,195.72694396972656,1.191586136817932,0.8365722894668579,14.234424591064451,192.4580078125,199.93753051757807,144.5501251220703,-34.20347595214844,26.68455505371088,60.32917785644531,25.804855346679688,42.42887878417963,-4.66668701171875,0.35843106837876804,0.37236082554821887,0.269208106073013,15.433704376220703,15.88720417022705,13.123438835144045,105.17777252197266,25.39508056640625,185.82278442382807,1.872119784355164,1.9862546920776367,12.450221061706545,126.77296447753906,121.9767837524414,182.589111328125,0.7181181907653809,0.5785918235778809,11.448302268981934,185.82278442382807,176.44540405273438,167.38824462890625,-40.83869934082037,3.1924285888671875,83.16729736328125,19.169631958007756,18.936752319335938,18.171432495117188,-6.635223388671932,-23.492126464843693,22.838119506835938,0.3508364532350083,0.33313180587310903,0.31603174089188263,12.450221061706545,12.096489906311035,12.192720413208008
ternary_TC6_OTC18_CTC36,R3,ternary,6,18,36,1,1,1,101.05843353271484,162.13882446289062,227.4373779296875,1.089686393737793,10.409222602844238,19.084880828857425,117.04033660888672,93.22759246826172,173.0873565673828,3.141008138656616,2.675656080245972,18.547269821166992,227.4373779296875,174.27999877929688,83.49090576171875,0.46874174688767845,0.35918595183877533,0.17207230127354622,19.084880828857425,20.8762149810791,15.743451118469238,106.43063354492188,25.47687721252441,167.1355743408203,2.79018497467041,2.6865265369415283,10.371068000793455,127.19156646728516,122.29855346679688,165.35948181152344,0.8797078728675842,0.7748297452926636,9.780017852783203,167.1355743408203,158.07220458984375,150.49058532714844,-60.30180358886719,-16.207794189453125,66.99967956542969,0.35134780125129556,0.33229503497761437,0.31635716377109,10.371068000793455,10.179394721984863,10.222371101379396,85.6070327758789,70.5966796875,205.6680908203125,0.90740168094635,3.11622953414917,16.20753288269043,108.01673126220705,126.2791748046875,200.74090576171875,0.9969915747642516,0.8556171655654907,14.53219509124756,197.50050354003903,205.6680908203125,148.899658203125,-29.936874389648466,31.388092041015625,65.40875244140625,30.36492919921872,47.59588623046875,-1.5909271240234375,0.35774653337329976,0.372541057858901,0.2697124087677992,15.68748378753662,16.20753288269043,13.80056858062744,104.21238708496094,25.902122497558597,183.8945770263672,2.1617562770843506,2.4618475437164307,12.14834213256836,126.3444366455078,122.14690399169922,181.08909606933597,0.8606504797935486,0.7212550044059753,11.323713302612305,183.8945770263672,175.0203094482422,165.27264404296875,-43.54280090332031,0.7403106689453125,81.78173828125,16.759002685546875,16.948104858398438,14.782058715820312,-13.605926513671847,-30.647781372070312,16.37298583984375,0.350818297498972,0.3338887311482375,0.3152929713527905,12.14834213256836,12.041749000549316,11.81960678100586
ternary_TC6_OTC36_CTC18,R1,ternary,6,36,18,1,1,1,93.69427490234376,132.01589965820312,188.51614379882807,0.4609353542327881,6.045421123504639,19.350833892822266,105.5039291381836,114.1609115600586,172.05422973632812,1.4292255640029907,0.914129912853241,16.938400268554688,188.51614379882807,176.82943725585938,91.3368682861328,0.4127948075756667,0.3872043638004847,0.20000082862384858,19.350833892822266,18.658145904541016,13.613880157470703,103.16716003417967,53.10369491577149,184.98336791992188,0.6559999585151672,2.466758966445923,11.880183219909668,124.36005401611328,116.75395965576172,172.74012756347656,0.5576813817024231,0.4800058007240295,10.807947158813477,184.98336791992188,167.72579956054688,146.5457763671875,-3.532775878906193,-9.1036376953125,55.2089080810547,0.3705188505381493,0.3359522056364996,0.2935289438253511,11.880183219909668,11.445889472961426,10.872108459472656,87.3309555053711,80.9484634399414,232.1174774169922,0.5045170187950134,3.7624104022979736,14.150397300720217,104.0954360961914,123.7065658569336,222.7075042724609,0.7304459810256958,0.478628009557724,12.513070106506348,225.9342498779297,232.1174774169922,158.64788818359375,37.41810607910162,55.28804016113281,67.31101989746095,40.95088195800781,64.39167785644531,12.10211181640625,0.3663602898513575,0.3763866096087725,0.25725310053987,14.209063529968262,14.150397300720217,12.925467491149902,102.9584732055664,53.11808776855469,201.1467437744141,0.8880488872528076,2.20937728881836,12.758350372314451,123.97935485839844,115.9260482788086,186.7259979248047,0.5199751257896423,0.7340548634529114,10.94710922241211,201.1467437744141,182.8881683349609,159.32675170898438,12.630599975586023,6.058731079101534,67.98988342285158,16.163375854492216,15.162368774414034,12.780975341796875,-24.787506103515597,-49.22930908203128,0.678863525390625,0.37018942845709396,0.33658644051137676,0.2932241310315293,12.758350372314451,11.692384719848633,11.337687492370604
ternary_TC6_OTC36_CTC18,R2,ternary,6,36,18,1,1,1,93.4580535888672,132.301025390625,189.18197631835935,0.6130533814430237,6.813582420349121,19.794654846191406,105.17960357666016,114.24768829345705,172.92572021484375,1.5462822914123535,1.0660163164138794,17.42118263244629,189.18197631835935,177.8936309814453,91.52080535888672,0.412523890497934,0.3879089021872527,0.19956720731481326,19.794654846191406,19.25550842285156,14.354461669921877,102.94507598876952,53.25492477416992,184.69888305664065,1.0696345567703247,2.701554536819458,11.785110473632812,124.18572235107422,116.84451293945312,172.71409606933594,0.8267619013786316,0.7333976030349731,10.689567565917969,184.69888305664065,167.7975616455078,146.2120361328125,-4.483093261718693,-10.0960693359375,54.69123077392578,0.3703544057390185,0.33646422327643866,0.29318137098454294,11.785110473632812,11.339982986450195,10.737361907958984,87.71958923339844,87.15093231201172,181.55609130859372,0.7854554653167725,2.897665739059448,8.421720504760742,106.92774200439452,124.11703491210938,177.95962524414062,0.7540832757949829,0.7385208010673523,7.669417858123779,176.38571166992188,181.55447387695312,119.55362701416016,-12.796264648437472,3.6608428955078125,28.032821655273438,-8.313171386718778,13.756912231445312,-26.658409118652344,0.3693989472321708,0.3802237203937509,0.25037733237407833,8.33179759979248,8.423018455505371,7.175524711608887,102.88409423828124,52.19752502441406,203.17672729492188,1.278437852859497,2.5897057056427,12.72895622253418,123.89965057373048,116.13176727294922,188.8533477783203,0.9016764163970948,1.0160415172576904,10.789002418518066,203.17672729492188,185.16989135742188,161.6575927734375,13.994750976562528,7.2762603759765625,70.13678741455078,18.47784423828122,17.372329711914062,15.445556640625,26.791015625,3.61541748046875,42.103965759277344,0.36940940282661633,0.33666995181255827,0.2939206453608254,12.72895622253418,11.544523239135742,11.1572847366333
ternary_TC6_OTC36_CTC18,R3,ternary,6,36,18,1,1,1,93.46405029296876,130.36032104492188,192.8512420654297,0.6846219301223755,6.425315380096436,20.628955841064453,105.0588836669922,114.17206573486328,176.20220947265625,1.529026746749878,1.2872341871261597,17.757598876953125,192.8512420654297,181.45684814453125,94.73375701904295,0.41115999181043744,0.38686707639529055,0.201972931794272,20.628955841064453,19.640457153320312,14.612383842468262,103.31413269042967,51.291316986083984,184.38787841796875,1.1058882474899292,2.5252163410186768,11.963661193847656,124.48680114746094,117.09109497070312,172.83091735839844,0.8651800751686096,0.7831330299377441,10.727992057800291,184.38787841796875,167.72300720214844,147.37106323242188,-8.463363647460938,-13.733840942382812,52.63730621337892,0.36915824253822066,0.33579393126710355,0.2950478261946758,11.963661193847656,11.379085540771484,10.748896598815918,87.95008850097656,92.19022369384766,170.74639892578125,0.7962385416030884,3.01000714302063,7.0577778816223145,107.0030517578125,123.97240447998048,167.84632873535156,0.7232791781425476,0.7980413436889648,6.554892539978027,165.99574279785156,170.74493408203125,109.06268310546876,-26.855499267578125,-10.7119140625,14.32892608642581,-18.392135620117188,3.0219268798828125,-38.30838012695311,0.3723519329313847,0.38300504080463116,0.2446430262639842,7.279430389404297,7.057735919952393,6.045543670654297,103.24439239501952,52.11314392089844,202.42916870117188,1.2670503854751587,2.5227980613708496,12.669642448425291,124.15093994140624,116.0020751953125,187.9187469482422,0.8493863344192505,0.9148889780044556,10.98932647705078,202.42916870117188,184.0408477783203,161.1352081298828,9.577926635742188,2.5839996337890625,66.40145111083986,18.041290283203125,16.317840576171875,13.764144897460938,36.43342590332031,13.295913696289062,52.07252502441405,0.36966259561451653,0.33608307501010926,0.2942543293753742,12.669642448425291,11.74848461151123,11.30970287322998
ternary_TC6_OTC48_CTC6,R1,ternary,6,48,6,1,1,1,82.28120422363281,125.28543090820312,168.89256286621094,0.4887839257717132,6.141315460205078,15.311835289001465,97.46658325195312,131.4656982421875,162.50245666503906,1.2566903829574585,0.6587660312652588,13.99356174468994,147.3832244873047,168.89256286621094,86.23737335205078,0.36615752943073027,0.41959513216948907,0.21424733839978066,14.500019073486328,15.311835289001465,11.51857566833496,102.16563415527344,81.07188415527344,164.82740783691406,0.422549843788147,2.4560704231262207,7.798737525939941,122.16842651367188,113.05001068115234,148.09219360351562,0.585818350315094,0.4114064872264862,7.267683506011963,164.82740783691406,143.65240478515625,112.46228790283205,17.444183349609375,-25.240158081054688,26.224914550781264,0.39156788458882863,0.34126404701745433,0.2671680683937171,7.798737525939941,7.671821117401123,6.625494480133057,90.0041275024414,70.2125015258789,252.92971801757807,0.5948426723480225,14.72340965270996,1.8239151239395144,106.80461883544922,121.2125015258789,242.0064697265625,4.025362968444824,1.082962989807129,3.160164594650269,252.41632080078125,252.57012939453125,183.31930541992188,105.03309631347656,83.67756652832031,97.0819320678711,87.58891296386719,108.917724609375,70.85701751708983,0.3667212118183753,0.36694467151269755,0.26633411666892715,2.257007837295532,1.717646837234497,15.422473907470703,102.12076568603516,67.42481231689453,231.02256774902344,0.6263043880462646,2.4478158950805664,12.262917518615724,121.53945922851562,111.76905822753906,206.8841857910156,0.5995038747787476,0.786439836025238,10.580910682678224,231.02256774902344,206.32687377929688,170.0432586669922,83.63934326171875,37.43431091308594,83.8058853149414,66.19515991210938,62.674468994140625,57.58097076416014,-21.393753051757812,-46.243255615234375,-13.276046752929688,0.3803512417497545,0.3396927123308374,0.2799560459194081,12.262917518615724,11.667177200317385,10.773115158081056
ternary_TC6_OTC48_CTC6,R2,ternary,6,48,6,1,1,1,82.82635498046875,125.50078582763672,169.74398803710938,0.5724039673805237,5.7157816886901855,15.295708656311035,97.71297454833984,130.57846069335938,163.32518005371094,1.608590602874756,0.911818504333496,13.885468482971191,149.67422485351562,169.74398803710938,86.470947265625,0.3687563984115699,0.41820281175226554,0.21304078983616456,14.218100547790527,15.295708656311035,11.021089553833008,102.35160064697266,80.91374969482422,169.07691955566406,0.8495293259620667,2.825826406478882,7.561821460723877,122.2397918701172,112.77997589111328,151.5176239013672,0.956845223903656,0.8378744125366211,6.976889610290527,169.07691955566406,147.15736389160156,115.46385192871094,19.402694702148438,-22.586624145507812,28.992904663085938,0.3916554316557583,0.340880239761607,0.26746432858263475,7.561821460723877,7.42020845413208,6.324638843536377,89.74478149414062,77.5546646118164,251.48541259765625,0.6902194023132324,11.512408256530762,3.484149694442749,104.77365112304688,120.9622573852539,239.8085021972656,3.127678155899048,0.8472608923912048,4.005253791809082,250.33499145507807,251.1592254638672,175.10902404785156,100.66076660156244,81.41523742675781,88.63807678222656,81.258071899414,104.00186157226562,59.645172119140625,0.369987869253146,0.3712060632535344,0.2588060674933195,4.03717041015625,3.345102310180664,13.131071090698242,101.806640625,67.48495483398438,230.48863220214844,0.8527778387069702,2.474295139312744,12.135007858276367,121.27566528320312,112.05712127685548,206.79788208007807,0.8139744997024536,0.9427694082260132,10.35373878479004,230.48863220214844,206.37985229492188,169.58705139160156,80.81440734863281,36.6358642578125,83.11610412597656,61.411712646484375,59.22248840332031,54.123199462890625,-19.84635925292963,-44.77937316894531,-5.52197265625,0.38005858395603737,0.34030500190339985,0.27963641414056273,12.135007858276367,11.405007362365724,10.582807540893556
ternary_TC6_OTC48_CTC6,R3,ternary,6,48,6,1,1,1,82.75043487548828,124.82100677490234,170.3605194091797,0.6419677138328552,6.254158973693848,15.28106689453125,97.73242950439452,130.64297485351562,163.9036407470703,1.4059275388717651,1.0465469360351562,13.941312789916992,150.20712280273438,170.3605194091797,87.28518676757812,0.36828755896722526,0.4177009629562869,0.21401147807648782,14.66415023803711,15.28106689453125,11.645073890686035,102.09001922607422,81.24513244628906,164.65151977539062,0.7049832940101624,2.69136118888855,7.736529350280762,122.1216278076172,113.20281982421876,148.03286743164062,0.7820903658866882,0.6520295739173889,7.305691242218018,164.65151977539062,143.63368225097656,112.24225616455078,14.44439697265625,-26.726837158203125,24.957069396972656,0.3915357167964985,0.34155601365218674,0.26690826955131475,7.736529350280762,7.73681640625,6.574544906616211,89.74478149414062,77.5546646118164,251.48541259765625,0.6902194023132324,11.512408256530762,3.484149694442749,104.77365112304688,120.9622573852539,239.8085021972656,3.127678155899048,0.8472608923912048,4.005253791809082,250.33499145507807,251.1592254638672,175.10902404785156,100.1278686523437,80.7987060546875,87.82383728027344,85.68347167968744,107.52554321289062,62.86676788330078,0.369987869253146,0.3712060632535344,0.2588060674933195,4.03717041015625,3.345102310180664,13.131071090698242,101.58456420898438,66.64525604248047,230.68199157714844,0.8460766673088074,2.336306095123291,12.168423652648926,121.1152114868164,112.4005889892578,207.54324340820312,0.782501757144928,0.966303527355194,10.277531623840332,230.68199157714844,207.2499847412109,170.47332763671875,80.47486877441406,36.88946533203122,83.18814086914062,66.03047180175781,63.61630249023435,58.23107147216797,-19.65299987792963,-43.90924072265628,-4.6356964111328125,0.37915841640029646,0.3406446054857426,0.2801969781139609,12.168423652648926,11.32490348815918,10.514127731323242
ternary_TC6_OTC6_CTC48,R1,ternary,6,6,48,1,1,1,102.98396301269533,181.87229919433597,234.9823455810547,1.4815757274627686,13.052006721496582,13.912235260009766,123.72589874267578,83.56298828125,164.22723388671875,5.525613784790039,4.93419075012207,17.861698150634766,234.9823455810547,162.59715270996094,67.95362091064453,0.5047596742075504,0.34927085958738613,0.14596946620506351,13.912235260009766,20.85062599182129,15.29631805419922,125.83197021484376,5.539806842803955,155.39540100097656,11.585126876831056,2.4007761478424072,10.68313980102539,128.86669921875,126.44039916992188,160.72222900390625,0.7057902216911316,0.7436205744743347,10.20852279663086,155.3944854736328,152.00509643554688,152.89451599121094,-79.58786010742188,-10.592056274414062,84.9408950805664,0.3375982576845049,0.33023472846797475,0.33216701384752034,10.681963920593262,10.463787078857422,10.77777099609375,87.30958557128906,63.51651763916016,213.18821716308597,0.6120265126228333,2.816657543182373,17.46776580810547,109.9569854736328,124.86537170410156,208.38818359375,0.7724744081497192,0.4851750433444977,15.55763053894043,208.3006134033203,213.18821716308597,160.24501037597656,-26.681732177734375,50.59106445312503,92.29138946533203,52.9061279296875,61.18312072753909,7.350494384765625,0.3580685852242714,0.3664703721167924,0.2754610426589363,16.89491081237793,17.46776580810547,15.16419792175293,125.91810607910156,7.595068454742432,170.74610900878906,2.484515190124512,0.7621622681617737,12.90113353729248,129.07083129882812,125.7922134399414,174.03843688964844,0.3401901125907898,0.4361868500709533,12.187540054321287,170.74610900878906,165.70306396484375,166.70469665527344,-64.23623657226562,3.1059112548828125,98.7510757446289,15.35162353515625,13.697967529296875,13.8101806640625,-37.55450439453125,-47.485153198242216,6.459686279296875,0.33935167612786193,0.32932880768075107,0.331319516191387,12.90113353729248,12.818499565124512,12.78475570678711
ternary_TC6_OTC6_CTC48,R2,ternary,6,6,48,1,1,1,103.00997924804688,180.63299560546875,236.00338745117188,1.5767971277236938,13.032482147216797,13.482748985290527,123.7949447631836,83.56586456298828,165.08969116210938,5.770265102386475,5.273452281951904,17.65337371826172,236.00338745117188,163.47142028808594,69.3335952758789,0.503411171671238,0.34869558488440283,0.14789324344435928,13.482748985290527,20.725690841674805,15.135337829589844,126.82071685791016,6.80329704284668,158.3312530517578,23.746566772460938,2.689835548400879,10.631385803222656,129.31875610351562,126.24385833740234,162.9710693359375,0.9161309003829956,0.8382796049118042,10.024085998535156,158.28404235839844,154.14805603027344,155.71701049804688,-77.71934509277344,-9.3233642578125,86.38341522216797,0.33810604218558815,0.3292712793939627,0.3326226784204491,10.649288177490234,10.333172798156738,10.457706451416016,87.2884292602539,64.26426696777344,214.09376525878903,0.8672707080841064,2.994214534759521,17.44741439819336,109.71234893798828,124.8299789428711,209.0940704345703,1.0083411931991575,0.7029169797897339,15.492226600646973,209.1490936279297,214.08938598632807,160.29310607910156,-26.854293823242188,50.61796569824213,90.95951080322266,50.86505126953125,59.94132995605463,4.5760955810546875,0.35841949048810473,0.3668856857713099,0.27469482374058524,16.722131729125977,17.450876235961914,15.035758972167969,125.91400909423828,7.405688285827637,171.15206909179688,7.203405380249023,1.5044951438903809,12.465543746948242,129.11817932128906,125.88719940185548,174.6006622314453,0.6091137528419495,0.5383533239364624,11.769254684448242,171.14988708496094,166.27903747558594,167.3357391357422,-64.85350036621094,2.8076171875,98.00214385986328,12.8658447265625,12.1309814453125,11.618728637695312,-37.99920654296875,-47.81034851074213,7.042633056640625,0.3390686777312522,0.3294189340790188,0.331512388189729,12.466614723205566,12.365285873413086,12.416372299194336
ternary_TC6_OTC6_CTC48,R3,ternary,6,6,48,1,1,1,102.90950012207033,183.2923889160156,234.49571228027344,1.5231460332870483,12.64875030517578,14.182329177856444,123.7003936767578,83.47684478759766,163.62481689453125,5.623843669891357,4.852334022521973,17.83570098876953,234.49571228027344,162.003173828125,66.51776123046875,0.5064520112354696,0.34988628326696,0.1436617054975704,14.182329177856444,20.84296226501465,14.967897415161133,125.04484558105467,6.770605564117432,157.6456756591797,22.67941665649414,2.6178083419799805,10.472759246826172,129.14059448242188,126.1948471069336,162.3315887451172,0.8658975958824158,0.8400565385818481,9.955890655517578,157.60638427734375,153.53179931640625,154.7978973388672,-76.88932800292969,-8.47137451171875,88.28013610839844,0.33825752228047884,0.32951257822553076,0.3322298994939904,10.47866153717041,10.237418174743652,10.455732345581056,87.46228790283203,63.01365280151367,213.93045043945312,0.8241031169891357,3.084439277648926,16.227981567382812,110.11915588378906,124.69645690917967,209.1293487548828,0.9896682500839232,0.6794909238815308,14.443524360656738,209.40237426757807,213.92420959472656,161.1831512451172,-25.09333801269537,51.92103576660156,94.66539001464844,51.79598999023432,60.39241027832031,6.38525390625,0.35825301391959513,0.3659891302843935,0.27575785579601125,15.663945198059082,16.231138229370117,14.131953239440918,130.81781005859375,6.861862182617188,171.24717712402344,17.218339920043945,2.2944886684417725,12.946839332580566,129.52755737304688,126.15017700195312,175.13450622558594,0.8279576897621155,0.7843300700187683,11.927742958068848,171.20367431640625,166.67393493652344,168.57052612304688,-63.29203796386719,4.6707611083984375,102.05276489257812,13.5972900390625,13.142135620117188,13.772628784179688,-38.19869995117182,-47.250274658203125,7.3873748779296875,0.3380477927701485,0.32910365996863267,0.3328485472612188,12.965771675109863,12.482215881347656,12.611563682556152
